page,result,general_result,marriage_result,trade_result,category,label
1,حتما انجام بده,بسیار خوب است با توکل به خدا اقدام نمایید.,این ازدواج از هر جهت مناسب است به امید خدا اقدام نمایید ان‌شاءالله که عاقبت‌به‌خیر می‌شوید.,بسیار خوب و پر نفع خواهد بود و ان‌شاءالله سود خوبی عایدتان خواهد شد.,2,VeryGood
3,انجام نده,بد است و در صورت انجام به‌شدت پشیمان خواهید شد.,این ازدواج آینده‌ی خوبی ندارد و با سختی و مشکلات زیادی روبرو خواهید شد و عاقبت خوبی ندارد.,در این معامله منفعتی وجود ندارد و در صورت انجام دچار ضرر و زیان خواهید شد.,-1,Bad
5,حتما انجام بده,بسیار خوب است و از انجام آن استفاده‌ی زیادی خواهید برد .,در این ازدواج خیر و برکت وجود دارد و با انجام آن ان‌شاءالله عاقبت بخیر و خوشبخت خواهید بود.,در این معامله منفعت زیادی خواهید برد با حفظ موازین شرعی معامله را انجام دهید تا در دنیا و آخرت سعادت‌مند شوید.,2,VeryGood
7,اختیار با توست,میانه است در صورت اصرار به انجام حتما صدقه دهید و با مشورت با افراد خبره اقدام نمایید.,عجله نکنید از این مورد بهتر هم نصیب شما خواهد شد .,صبر کنید انجام این معامله آن‌چنان هم که فکر می‌کنید تعریفی ندارد در صورت اصرار به انجام آن صدقه دهید و با افراد خبره مشورت نمایید.,0,Neutral
9,انجام نده,بد است و انجام آن جز پشیمانی و ندامت چیزی بدنبال ندارد.,اختلافات زیادی اتفاق می‌افتد و دچار مشکلات روحی و روانی زیادی خواهید شد.,ضرر و زیان ناشی از انجام آن زیاد است و مشکلات زیادی به همراه دارد.,-1,Bad
11,انجام نده,بد است و انجام آن جز پشیمانی و ندامت چیزی بدنبال ندارد.,مشکلات زیادی بر سر راه شما پیش خواهد آمد این ازدواج به‌هیچ‌وجه به صلاح شما نیست.,در این معامله فریب و نیرنگ زیاد است انجام ندهید.,-1,Bad
13,انجام نده,بد است انجام آن به ضرر شما خواهد بود و پشیمان خواهید شد.,به‌شما دروغ می‌گویند و به تعهدات خود عمل نمی‌کنند این ازدواج به صلاح شما نیست باور کنید.,به تعهدات خود عمل نمی‌کنند و دچار ضرر و زیان خواهید شد.,-1,Bad
15,انجام نده,بد است در صورت انجام پشیمان خواهید شد لذا ترک شود.,با ظاهر افراد نمی‌توان قضاوت کرد و در صورت انجام به‌شدت پشیمان خواهید شد.,این معامله آن گونه که فکر می‌کنید منفعتی ندارد و حتی دچار ضرر خواهید شد ترک کنید.,-1,Bad
17,انجام نده,بد است صبر کنید و صدقه دهید و بدانید که خداوند بر هر کاری قادر و توانا است.,عجله نکنید مورد بهتری نصیب شما خواهد شد به‌خدا توکل کنید.,صبر کنید از این معامله بهتر به شما پیشنهاد می‌شود.,-1,Bad
19,انجام نده,بد است زحمت بیهوده می‌کشی و فایده‌ای نخواهی برد.,مورد مناسبی نیست و دچار اختلاف خواهید شد ترک شود.,بد است طرفهای شما قصد فریب شما را دارند و به شما ضرر خواهد رساند.,-1,Bad
21,انجام نده,بد است و با عمل‌کردن به آن چیزی عایدتان نمی‌شود.,اخلاق و فرهنگ خانواده‌ها بهم نمی‌خورد از اول سنگهای خود را با هم وا کنید و الا انجام ندهید بهتر است.,آن‌چنان هم که می گویند تعریفی ندارد کار خودت را بکن و از این معامله صرف نظر کن.,-1,Bad
23,انجام نده,بد است مطلبی وجود دارد که از شما مخفی مانده است اقدام نکنید که پشیمان می‌شوید.,مطلب مهمی را از شما مخفی می‌کنند ازدواج به صلاح نیست صبر کنید و به‌خدا توکل کنید.,موضوعی را از شما پنهان می‌کنند از این معامله صرف نظر کنید و به‌خدا توکل کنید.,-1,Bad
25,انجام بده,خوب است ولی با احتیاط و مطالعه نسبت به انجام آن اقدام کنید.,با تحقیق و مطالعه اقدام کن ان‌شاءالله خوب است صدقه فراموش نشود.,پس از مشورت با افراد خبره و با صبر و تامل اقدام کن ان‌شاءالله خوب است و صدقه فراموش نشود.,1,Good
27,انجام بده,خوب است با توکل به‌خدا و ائمه معصومین و دادن صدقه اقدام کنید.,با رعایت موازین شرعی اقدام کنید تا به گناه آلوده نشوید صدقه فراموش نشود.,با دادن صدقه و رعایت موازین شرعی اقدام کنید ان‌شاءالله خوب است و منفعت می‌برید.,1,Good
29,انجام بده,خوب است با رعایت موازین شرعی اقدام کنید.,ان‌شاءالله که مبارک است با حفظ موازین شرعی اقدام نمایید.,خوب است با توکل به‌خدا اقدام نمایید ان‌شاءالله منفعت خواهید برد.,1,Good
31,انجام بده,خوب است زحمت دارد ولی اجر و منفعت شما بر زحمتش برتری دارد.,با حفظ موازین شرعی اقدام کن ان‌شاءالله عاقبت‌به‌خیر می‌شوی.,هر چند قدری سختی می‌کشی ولی معامله‌ی پر منفعتی است.,1,Good
33,هرگز انجام نده,بسیار بد است هرگز انجام ندهید پشیمان می‌شوید.,هیچ‌کدام از آرزوهایت تحقق نخواهد یافت و به سختی و مشقت غیر قابل ذکری دچار خواهید شد ترک کنید.,با فریب و نیرنگ روبرو می‌شوید و ضرری هنگفت را متحمل می‌شوید انجام ندهید.,-2,VeryBad
35,اختیار با توست,میانه است با رعایت شرایط و مقدمات خوب است و الا انجام ندهید.,همه جوانب را بسنجید اگر مساعد بود انجام دهید و الا ترک نمایید.,با مطالعه و مشورت با افراد خبره و رعایت موازین شرعی اقدام کنید در غیر این صورت انجام ندهید.,0,Neutral
37,انجام نده,بد است با انجام دچار مشقت و گرفتاری می‌شوید ترک کنید که پشیمانی دارد.,آینده‌ی خوبی در انتظارتان نیست ترک کنید و گرنه به طلاق و جدایی کشیده می‌شود,در این معامله منفعتی وجود ندارد ترک کنید که پشیمانی دارد.,-1,Bad
39,انجام بده,خوب است زحمت دارد ولی به زحمتش می‌ارزد.,اولش کمی دچار مشقت و سختی می‌شوید ولی عاقبت‌به‌خیر خواهید شد.,با کمی سختی و زحمت مواجه می‌شوید ولی ان‌شاءالله سود خوبی خواهید برد.,1,Good
41,انجام نده,بد است وسط کار به مشکل می‌خورید و راه پس و پیش ندارید.,آدمهای مطمئنی نیستند و نمی‌شود برای زندگی به آنها تکیه کرد انجام ندهید.,به تعهدات عمل نمی‌شود و ضرر می‌کنید ترک شود.,-1,Bad
43,انجام نده,بد است دچار ندامت و پشیمانی خواهید شد ولی وقتی که فایده‌ای ندارد ترک شود.,گول ظاهر افراد را نخورید به بدبختی و فلاکت می‌افتید حتما ترک شود.,اگر چه اولش به ظاهر خوب است ولی ضرر حیثیتی و مالی زیادی به شما خواهد شد.,-1,Bad
45,انجام بده,خوب است با حفظ موازین شرعی اقدام کنید ان‌شاءالله به همه‌ی اهدافتان خواهید رسید.,خوب است ان‌شاءالله عاقبت‌به‌خیر خواهید شد.,خوب است صدقه دهید و با توکل به‌خداانجام دهید ان‌شاءالله سود خوبی خواهید برد.,1,Good
47,هرگز انجام نده,بسیار بد است به حرام می‌افتید و دچار مشکلات زیادی خواهید شد.,به گناه و حرام می‌افتید به‌شدت دوری کنید و به‌خدا توکل کنید.,بین تجارت سالم و رباخواری فرق بسیار است خود را فریب ندهید.,-2,VeryBad
49,انجام بده,خوب است ولی جانب احتیاط را رعایت کنید سپس اقدام کنید که بعدها پشیمان نشوید.,حرفهایتان را اول کار تمام کنید و بعدا اقدام کنید سپس اقدام کنید که بعدها پشیمان نشوید.,دقت کنید و معامله را سفت و محکم کنید سپس انجام دهید.,1,Good
51,هرگز انجام نده,بسیار بد است انجام ندهید که به‌شدت  پشیمان خواهید شد.,بجز بدبختی و پشیمانی چیزی نصیبتان نخواهد شد حتما ترک شود.,در این کار غیر از ضرر و بدبختی چیزی وجود ندارد به‌هیچ وجه انجام ندهید.,-2,VeryBad
53,انجام نده,بد است حرف شما پیش نمی‌رود و ضرر می‌کنید ترک کنید.,در شأن شما نیستند باعث اذیت و آزار شما می‌شوند فراموششان کنید.,شما را فریب می‌دهند و سرتان کلاه می‌گذارند انجام ندهید.,-1,Bad
55,حتما انجام بده,بسیار خوب است با توکل به‌خدا اقدام کن ان‌شاءالله به همه‌ی اهدافتان خواهید رسید.,فرزندان صالحی نصیبتان خواهد شد ان‌شاءالله که مبارک باشد.,سود و منفعت زیادی می‌بری ان‌شاءالله .,2,VeryGood
57,انجام بده,خوب است با توکل به‌خدا و ائمه معصومین انجام بده ان‌شاءالله موفق خواهید شد.,ان‌شاءالله که مبارک است اقدام کن نمازت را اول وقت بخوان و صدقه بده.,با حفظ موازین شرعی انجام بده ان‌شاءالله سود خوبی می‌بری.,1,Good
59,انجام نده,بد است در آن فریب و نیرنگ است به‌هیچ‌وجه انجام ندهید که پشیمان خواهید شد.,چیزی را از شما کتمان می‌کنند و به شما دروغ می‌گویند ازدواج مناسبی نیست صبر کنید مورد بهتری نصیبتان خواهد شد.,بشما دروغ می گویند و مواردی از معامله را از شما پنهان می‌کنند ضرر می‌کنی.,-1,Bad
61,انجام بده,خوب است با حفظ موازین شرعی اقدام کنید ان‌شاءالله در کارتان موفق خواهید شد.,ان‌شاءالله که مبارک است صدقه زیاد بدهید و موازین شرعی را رعایت کنید.,خوب است با توکل به‌خدا اقدام کنید صدقه فراموش نشود.,1,Good
63,حتما انجام بده,بسیار خوب است خدا را در هیچ حال فراموش نکنید.,اقدام کنید مورد خوبی است صدقه فراموش نشود.,ان‌شاءالله پر سود و منفعت خواهد بود اگر خدا را فراموش نکنید.,2,VeryGood
65,هرگز انجام نده,بسیار بد است به‌هیچ‌وجه انجام ندهید که لطمه‌های زیادی خواهید خورد.,در صورت انجام آن چنان پشیمان می‌شوید که دیگر نه راه پیش دارید نه راه پس.,ظاهر بین نباشید ضرر زیادی خواهید کرد از انجامش منصرف شوید.,-2,VeryBad
67,حتما انجام بده,بسیار خوب است در انجام آن تعجیل کنید و در انجام آن حفظ موازین شرعی را رعایت کنید.,با این ازدواج گشایش کار پیدا می‌کنی دو شرط بالا فراموش نشود.,پر منفعت و پر سود است بدو شرط‌یکی آنکه موازین شرعی را رعایت کنی و دوم صدقه‌ی در خوری بدهی.,2,VeryGood
69,انجام نده,بد است دچار ناراحتی زیادی خواهید شد و در راهی قرار می‌گیرید که بازگشتی در آن نیست.,هیچ خوبی و خیری در آن نیست ترک کنید.,به حرام می‌افتید و فریب خواهید خورد ترک کنید.,-1,Bad
71,اختیار با توست,میانه است خوب فکر کن با افراد خبره مشورت کن انجام ندهی بهتر است.,صبر کنید زیاد عجله نکنید مورد بهتری هم نصیبتان می‌شود مشورت کن انجام ندهی بهتر است.,با افراد خبره مشورت کن آن‌چنان هم تعریفی ندارد.,0,Neutral
73,انجام بده,خوب است با حفظ موازین شرعی اقدام کنید ان‌شاءالله به اهدافتان خواهید رسید.,ان‌شاءالله که مبارک است به‌خدا توکل کن و نمازت را اول وقت بخوان ان‌شاءالله عاقبت بخیر می‌شوی.,راستی در معامله و توکل به‌خدا رمز موفقیت است ان‌شاءالله سود خوبی خواهید برد.,1,Good
75,انجام نده,بد است ارزش شما بیش از این است اقدام نکنید.,همسر خوبی برای شما نخواهد بود فراموش کنید.,به شما دروغ می‌گویند و فریبتان می‌دهند انجام ندهید.,-1,Bad
77,حتما انجام بده,بسیار خوب است با توکل به‌خدا اقدام کنید و در هیچ حالتی خدا را فراموش نکنید.,همسر خوبی است از او فرزندان خوبی نیز نصیبتان می‌شود ان‌شاءالله مبارک است.,پر منفعت است صدقه را فراموش نکنید و موازین شرعی را رعایت کنید.,2,VeryGood
79,اختیار با توست,میانه است در صورت اصرار به انجام با مشورت و با احتیاط کامل اقدام کنید والا ترک آن بهتر است.,همه‌ی حرفهایتان را تمام کنید تا اختلافی پیش نیاید و الا صبر کنید ان‌شاءالله مورد بهتری نصیبتان خواهد شد.,با احتیاط و مشورت انجام دهید در غیر این صورت از انجام آن منصرف شوید.,0,Neutral
81,انجام نده,بد است مورد تهمت و بهتان قرار می‌گیرید و پشیمان خواهید شد.,صبر کن خیری در این ازدواج نیست ان‌شاءالله مورد بهتری نصیب خواهد شد.,زیاد به ظاهر توجه نکن ضرر می‌کنی.,-1,Bad
83,انجام نده,بد است به گناه می‌افتی و خیری در آن نیست حتما ترک شود.,بد است و دچار مشکلات و مسائلی می‌شوی که هر لحظه بخود لعنت می‌فرستی ترکش کن.,به حرام می‌افتی و ضرر می‌بینی به‌هیچ‌وجه انجام ندهید.,-1,Bad
85,هرگز انجام نده,بسیار بد است اصلا فکرش را هم نکن افراد ظاهربین ضرر می‌کنند.,ظاهر هر چیز باطنش نیست از فکرش بیرون بیا اصلا مورد مناسبی نیست.,به حرام می‌افتی و ضرر بسیار می‌کنی ظاهر آن با باطنش فرق دارد.,-2,VeryBad
87,هرگز انجام نده,بسیار بد است آبرو و حیثیت شما بر باد می‌رود.,بسیار بد است زندگی نکبت باری خواهی داشت و هر لحظه بخود لعنت می‌فرستی ترکش کن.,آدمهای مکار و فریبکاری هستند اصلا انجام نده.,-2,VeryBad
89,انجام بده,خوب است با صبر و حوصله به نتیجه دلخواه می‌رسی.,هیچ کاری بدون زحمت نیست ولی چیزی که با زحمت بدست آید ارزش دیگری دارد ان‌شاءالله که مبارک است.,با افراد خبره مشورت کن و سپس انجام بده.,1,Good
91,انجام نده,بد است سری که درد نمی‌کند دستمال نمی‌بندند.,به دعوا و درگیری کشیده می‌شود ترک کنید.,ضرر می‌کنید و دچار مشکل می‌شوید ترک کنید.,-1,Bad
93,انجام نده,بد است خطر جانی و مالی دارد انجام ندهید.,خیری در این ازدواج نیست آبرو و حیثیت شما از بین می‌رود.,خطر حیثیتی و آبرویی دارد مالتان از بین می‌رود انجام ندهید.,-1,Bad
95,انجام نده,بد است انجام آن جز پشیمانی چیزی بدنبال ندارد.,این ازدواج به صلاح شما نیست و به شدت پشیمان خواهید شد انجام ندهید.,معامله بی سرانجامی است ترکش کنید.,-1,Bad
97,انجام بده,خوب است با حفظ موازین شرعی و دادن صدقه اقدام کنید.,ان‌شاءالله که مبارک است ۲ شرط بالا فراموش نشود.,مورد پر منفعتی است بشرطی که موازین شرعی را رعایت کنید و صدقه‌ی در خوری بدهید.,1,Good
99,اختیار با توست,میانه‌ی آن خوب است همه‌ی جوانب را در نظر بگیرید سپس انجام دهید و الا ترکش بهتر است.,تحقیق کامل - تمام کردن حرفهایتان و دادن صدقه - سپس ازدواج و إلا صبر کنید بهتر است.,مشورت با اهل خبره و دادن صدقه رمز موفقیت در این کار است و گرنه ترکش بهتر است.,0,Neutral
101,هرگز انجام نده,بسیار بد است به حرام می افتید و ضرر می‌بینید با اشخاص دورویی روبرو می‌شوید که شما را برای رسیدن به اهدافشان لازم دارند.,بسیار بد است شما را گمراه می‌کنند به هیچ وجه انجام ندهید.,شما را فریب می‌دهند و ضرر هنگفتی به شما وارد می‌کنند.,-2,VeryBad
103,هرگز انجام نده,بسیار بد است دچار افراد بسیار بدی خواهید شد ترک کنید.,بسیار بد است اصلا انجام ندهید که به شدت پشیمان خواهید شد.,طرفهای شما آدمهای کلاهبرداری هستند اصلا انجام ندهید.,-2,VeryBad
105,انجام نده,بد است حرف شما پیش نمی‌رود و زمین خواهید خورد.,گول ظواهر را نخورید اصلا ازدواج مناسبی برای شما نیست ترکش کنید.,هر چند در ظاهر معامله‌ی خوبی به نظر می‌رسد ولی چنین نیست و ضرر خواهید کرد.,-1,Bad
107,انجام بده,خوب است با رعایت موازین شرعی.,ان‌شاءالله که مبارک است هیچ گاه خدا را فراموش نکنید.,پرمنفعت است موازین شرعی را رعایت کنید.,1,Good
109,هرگز انجام نده,بسیار بد است انجام ندهید که به‌شدت پشیمان خواهید شد.,عاقبتی جز پشیمانی نخواهد داشت انجام ندهید.,نیرنگ و حقه در کار است اصلا انجام ندهید.,-2,VeryBad
111,انجام نده,بد است و حدیث در می‌آید و پشت شما را خالی می‌کنند.,حرف و حدیث دارد اصلا مناسب شما نیستند ترک کنید.,نفعی ندارد و آن چنان که وعده و وعید می‌دهند نیست ترکش کنید.,-1,Bad
113,انجام نده,بد است خطر آبرویی و جانی دارد ترک نمایید.,به آبروریزی و هتک حرمتش نمی‌ارزد البته اگر جان سالم به در ببرید منصرف شوید.,منجر به دعوا و درگیری می‌شود و ضرر هنگفتی نیز متحمل می‌شوید ترک کنید.,-1,Bad
115,اختیار با توست,میانه است ترک به ثواب نزدیکتر است.,همه‌ی زندگی با مصیبت و بدبختی دست به گریبان خواهید بود ترک کنید.,به حرام خواهید افتاد از این کار دوری کنید.,0,Neutral
117,هرگز انجام نده,بسیار بد است با این کار ناخواسته به حقوق دیگران تجاوز می‌کنید حتما ترک کنید.,اقدام نکنید که به شدت پشیمان خواهید شد.,اقدام نکنید که اصلا به نفع شما نیست و متحمل ضرر خواهید شد.,-2,VeryBad
119,انجام بده,خوب است توکل به‌خدا اقدام کنید ان‌شاءالله به اهدافتان خواهید رسید.,این همان موردی است که نصف دین شما را کامل می‌کند مواظب نصف دیگرش باشید.,خوب است با توکل به‌خدا انجام دهید ان‌شاءالله سود خوبی خواهید برد.,1,Good
121,انجام نده,بد است به حرام می‌افتید انجام ندهید.,این ازدواج به صلاح شما نیست و از دین باز می‌مانید دنبال ظواهر باشید انجام ندهید که به هیچ وجه به صلاح شما نیست.,به حرام خواهید افتاد و هیچ نفعی هم نخواهید برد حتما ترک کنید.,-1,Bad
123,انجام نده,بد است به حرام خواهید افتاد ترک کنید ان‌شاءالله مورد بهتری پیشنهاد خواهد شد.,به گناه خواهید افتاد و طوری گرفتار خواهید شد که هر روز بخود لعنت کنید صبر کنید ان‌شاءالله مورد بهتری نصیبتان خواهد شد.,در این معامله خیری وجود ندارد عجله نکنید موردی با سود خوب در راه است این مورد را به‌هیچ‌وجه انجام ندهید.,-1,Bad
125,انجام نده,بد است با آدمهای احمقی برخورد می‌کنید که حرف، حرف خودشان است. اصلا انجام ندهید.,این مورد اصلا در شأن شما نیست به هیچ وجه اقدام نکنید که پشیمان می‌شوید.,در این معامله برای شما خیری نیست ترک کنید و الا گریبانتان را خواهد گرفت.,-1,Bad
127,حتما انجام بده,بسیار خوب است حتما اقدام کنید صدقه به فقرا فراموش نشود.,ان‌شاءالله که مبارک است حتما اقدام کنید که از هر لحاظ مناسب است صدقه‌‌ی درخوری بدهید.,سود خوبی نصیبتان می‌شود با توکل به‌خدا اقدام کنید فقرا را فراموش نکنید.,2,VeryGood
129,انجام نده,بد است حرف و حدیث زیادی بر پا می‌شود ترک کنید که به صلاح شما نیست.,آنقدر اذیت خواهید شد که از زندگی سیر می‌شوید اقدام نکنید به صلاح شما نیست.,زیاد به ظواهر توجه نکنید اصلا معامله خوبی نیست ترکش کنید.,-1,Bad
131,انجام نده,بد است دروغ و نیرنگ زیادی در این کار است انجام ندهید که پشیمان خواهید شد.,با آدمهای دروغ گویی طرف هستید اصلا انجام ندهید.,فریب و دروغ دیده می‌شود و سر شما کلاه می‌گذارند منصرف شوید.,-1,Bad
133,حتما انجام بده,بسیار خوب است اقدام کنید و برای شروع صدقه بدهید.,ان‌شاءالله که مبارک است مواظب حسودان باشید صدقه فراموش نشود.,ان‌شاءالله پرسود است البته اگر دیگران بگذارند صدقه دهید و با توکل به‌خدا اقدام کنید.,2,VeryGood
135,انجام نده,بد است مشکلات و گرفتاری زیادی دارد و در صورت انجام به‌شدت پشیمان خواهید شد ترک کنید.,زندگی سخت و پر دردسری خواهد بود و روی آسایش را نخواهد دید فراموشش کنید.,بعد از کلی دردسر و اذیت شدن در نهایت ضرر هم می‌کنید انجام ندهید.,-1,Bad
137,انجام نده,بد است تباهی و گمراهی نصیبتان خواهد شد حتما ترک کنید.,در این ازدواج خبری نیست اگر دنبال آبروریزی و دردسر می‌گردید اقدام کنید و الا ترک کنید.,سودی نصیبتان نخواهد شد که هیچ باعث حرف و حدیث مردم و آبروریزی هم خواهد شد.,-1,Bad
139,انجام نده,بد است چیزی را از شما پنهان می‌کنند که در صورت دانستن انجام نخواهید داد ترکش کنید.,موردی از شما مخفی مانده است که در صورت اطلاع از وجود آن به‌هیچ‌وجه دست به این کار نخواهید زد انجام ندهید.,این معامله با فریب و نیرنگ همراه است و چیزی که در آن فریب و حیله باشد انجام ندادن به ثواب نزدیکتر است پس انجام ندهید.,-1,Bad
141,انجام بده,خوب است با توکل به‌خدا اقدام کنید و در انجام واجبات دینی کوشا باشید.,خوب است همه‌ی مطالب را در اول کار بگویید و با توکل به‌خدا اقدام کنید.,با توکل به‌خدا و با حفظ موازین شرعی اقدام کنید ان‌شاءالله سود خواهید برد.,1,Good
143,انجام نده,بد است گرفتاری و مصیبت دارد انجام ندهید.,مورد مناسبی نیست از انجامش صرف نظر کنید و به‌خدا توکل کنید ان‌شاءالله مورد مناسبین صیبتان خواهد شد.,دچار ضرر و زیان خواهید شد آن هم پس از گرفتاری‌های زیاد انجام ندهید.,-1,Bad
145,انجام نده,بد است هر چند ظاهر دلفریبی دارد، در باطن بد است انجام ندهید.,باطن افراد آن چیزی نیست که شما مشاهده می‌کنید در صورت انجام به‌شدت پشیمان خواهید شد.,در این معامله خیری نیست انجام ندهید.,-1,Bad
147,اختیار با توست,میانه خوب است با بررسی همه‌ی جوانب با اهل خبره اقدام کنید.,میانه خوب است با تحقیق و بررسی همه‌ی جوانب و مسائل و تمام کردن حرفهایتان اقدام کنید.,در صورت بررسی همه‌ی جوانب و تنظیم‌یک قرار داد با لحاظ همه‌ی مسائل خوب است و الا خیر.,0,Neutral
149,انجام نده,بد است دچار مال حرام خواهید شد و تمام زندگیتان تحت تاثیر آن قرار خواهد گرفت ترک کنید.,دچار تعهداتی می‌شوید که از توان شما خارج است از انجام آن منصرف شوید و الا ...,مال حرام وارد زندگیتان می‌شود و شما را به نابودی می‌کشاند ترک کنید.,-1,Bad
151,حتما انجام بده,بسیار خوب است نترس و با توکل به‌خدا انجام بده.,ان‌شاءالله که مبارک است مورد خوبی است و شریک زندگی مناسبی برای شماست.,با توکل به‌خدا انجام بده ان‌شاءالله که پر سود و منفعت است.,2,VeryGood
153,انجام نده,بد است انجام نده که جزو زیانکاران خواهی بود.,این ازدواج باعث آبروریزی خواهد بود و در صورت انجام هر روز به خود لعنت خواهید فرستاد.,ضرر هنگفتی در اثر این معامله خواهید کرد اگرمنصرف نشوید والا دچار سختی و ناراحتی می‌شوی.,-1,Bad
155,انجام نده,بسیار بد است انجام ندهید که به‌شدت پشیمان خواهید شد.,مورد لعن و نفرین قرار می‌گیرید و پشیمان خواهید شد پس از همین الان فکرش را از سر بیرون کنید.,این معامله سود که ندارد هیچ و ضرر هنگفتی هم نصیبتان خواهد شد، پس ترک کنید.,-1,Bad
157,انجام بده,خوب است با توکل به‌خدا اقدام کنید ان‌شاءالله که نتیجه‌ی آن را خواهید دید.,خوب است ولی همه‌ی مسائل را همان اول بگویید و با تحقیق و توکل به‌خدا اقدام کنید.,خوب است با رعایت موازین شرعی اقدام کنید.,1,Good
159,انجام بده,خوب است با رعایت موازین شرعی و توکل به‌خدا اقدام کنید.,مورد مناسبی است مشکلاتی وجود دارد قابل حل است اقدام کنید.,خوب است با قدری زحمت نتیجه‌ی خوبی حاصل خواهد شد.,1,Good
161,انجام نده,بد است دچار مشکلات و اذیت و آزار خواهید شد ترک کنید.,مورد مناسبی نیست انجام ندهید که پشیمان خواهید شد.,زحمت بسیاری دارد در آخر هم متوجه می‌شوید که ارزش نداشته است.,-1,Bad
163,انجام نده,بد است دچار مشکلات عدیده‌ای خواهید شد و در آخر مورد شماتت قرار خواهید گرفت.,در شأن شما نیستند بهتر است بی جهت خود را معطل نکنید.,به زحمت و مشکلاتش نمی‌ارزد ضمن آن که شما را فریب هم می‌دهند و حسابی ضرر خواهید کرد.,-1,Bad
165,حتما انجام بده,بسیار خوب است با توکل به‌خدا اقدام کنید.,ان‌شاءالله که مبارک است اقدام کنید که به امید خدا خوشبخت می‌شوید.,کار پرسود و منفعتی است با توکل به‌خدا اقدام کنید.,2,VeryGood
167,انجام نده,بد است با گروهی نادان برخورد خواهید نمود که به‌شدت  از انجام کار پشیمان می‌شوید.,اصلا در شأن شما نیستند فکرش را از سرتان بیرون کنید.,دچار ضرر و زیان می‌شوید آن هم بعد از کلی زحمت انجام ندهید.,-1,Bad
169,انجام نده,بد است بعد از کلی زحمت به نتیجه‌ی دلخواه هم نمی‌رسید ترک کنید.,آدمهای دم دمی مزاج هستند که هر لحظه یک جور فکر می‌کنند و یک جور عمل می‌کنند از انجام این کار منصرف شوید که غیر بدبختی چیزی ندارد.,پس از زحمتهای فراوان مغبون هم خواهید شد پس همین الان فکرش را از سر بیرون کنید.,-1,Bad
171,انجام نده,بد است پس از زحمتهای فراوان باز هم نتیجه‌ی مورد نظرتان حاصل نمی‌شود ترک کنید.,آدم‌های زیاده طلب و قدر نشناسی هستند و در شأن شما و خانواده تان نیستند اصلا انجام ندهید.,در‌یک کلام زحمت فراوان و بدون منفعت پس انجام ندهید.,-1,Bad
173,انجام نده,بد است زحمت بیهوده و سعی بی‌فایده و در آخر بدون نتیجه دلخواه پس ترکش کنید.,انسانهای پر توقع - تلاش زیاد شما و آخر طلاق و جدایی آنهم با هزار حرف و حدیث منصرف شوید.,سعی زیاد - انسانهای نادان و دروغگو و ضرر و‌یک اعصاب خراب انجام مده.,-1,Bad
175,انجام نده,بد است دچار زیان و رنج خواهید شد و به‌شدت پشیمان خواهید شد ولی پشیمانی دیگر سودی ندارد.,مورد مناسبی نیست دچار اذیت و آزار خواهید شد و کار به جدایی می‌کشد انجام ندهید.,مورد خوبی نیست دچار ضرر و زیان خواهید شد، ترک کنید.,-1,Bad
177,انجام بده,خوب است با توکل به‌خدا اقدام کنید که به اهدافتان خواهید رسید.,مورد مناسبی است با حفظ موازین شرعی اقدام کنید ان‌شاءالله که خوشبخت می‌شوید.,معامله‌ی پر سود و منفعتی است موازین شرعی را رعایت کنید ضرر نمی‌کنید.,1,Good
179,انجام بده,خوب است اگر به‌خدا اتکا داشته باشید خداوند هم شما را یاری خواهد کرد.,مورد مناسبی است زندگی خوبی خواهید داشت موازین شرعی را در همه حال رعایت کنید خداوند هم شما را یاری می کند.,با توکل به‌خدا و رعایت موازین شرعی اقدام کنید ان‌شاءالله سود خوبی خواهید داشت.,1,Good
181,انجام نده,بد است انجام ندهید که پشیمان خواهید شد.,در این ازدواج خیری نیست بر سر هر مسئله ای با هم مشکل خواهید داشت انجام ندهید.,در این معامله به حرام می‌افتید و مشکلاتی برایتان ایجاد می‌شود ترکش کنید.,-1,Bad
183,انجام نده,بد است باعث اختلاف و تفرقه می‌شوید و در اهدافتان شکست می‌خورید.,به طلاق و جدایی کشیده می‌شود انجام ندهید صبر کنید مورد بهتری در راه است.,بد است ضرر خواهید کرد صبر کنید ان‌شاءالله مورد بهتری به‌شما پیشنهاد خواهد شد.,-1,Bad
185,انجام بده,خوب است خداوند پشتیبان شماست نگران نباشید اقدام کنید.,خوب است با توکل به خدا اقدام کنید ان‌شاءالله که عاقبت‌به‌خیر خواهید شد.,ان‌شاءالله و با‌یاری خدا معامله‌ی پرسودی خواهد بود اقدام کنید.,1,Good
187,هرگز انجام نده,بسیار بد است به‌هیچ‌وجه انجام ندهید.,بسیار بد است و به طلاق و جدایی کشیده می‌شود اصلا اقدام نکنید.,هم خطر مالی و هم آبرویی دارد حتما ترک کنید.,-2,VeryBad
189,انجام بده,خوب است با توکل به‌خدا اقدام کنید.,خوب است از مشکلات نترسید و اقدام کنید که ان‌شاءالله خوشبخت خواهید شد.,معامله‌ی پرسودی خواهد بود با توکل به‌خدا اقدام نمایید تا موفقیتتان تضمین گردد.,1,Good
191,حتما انجام بده,بسیار خوب است با توکل به‌خدا اقدام نمایید.,ان‌شاءالله که مبارک است سعی کن موازین شرعی را رعایت کنی.,معامله‌ی پرمنفعتی است به‌شرط موازین شرعی را رعایت کنی.,2,VeryGood
193,هرگز انجام نده,بد است، منصرف شوید که نفع شما در آن است.,خودتان را گول نزنید مورد مناسب شما نیست ترک کنید.,از این امر که سودی نصیبتان نخواهد شد ولی ضرر وجود دارد.,-2,VeryBad
195,انجام نده,بد است به سختی و عذاب می‌افتید و خیری در آن نیست.,گول ظاهر را نخورید اصلا مورد مناسبی نیست.,بعضی مسائل را از شما مخفی می‌کنند که در صورت آگاهی از آن اصلا انجام نمی‌دهید.,-1,Bad
197,انجام نده,بد است موضوع آن چیزی نیست که شما می‌بینید حتما ترک کنید.,مناسب و در شأن شما نیستند منصرف شوید.,در این معامله منفعتی وجود ندارد و ناخواسته مرتکب حرام هم خواهید شد انجام ندهید.,-1,Bad
199,انجام نده,بد است به‌هیچ‌وجه انجام ندهید که به‌شدت پشیمان خواهید شد.,اصلا مورد مناسبی نیست حتما ترک شود.,ضرر هنگفتی خواهید دید ترک کنید.,-1,Bad
201,انجام نده,بد است ترک آن به ثواب نزدیکتر است.,مورد زیاد مناسبی نیست زندگی دلپذیر و خوبی نخواهد بود.,انجام ندهید بهتر است. سود خوبی نخواهید برد در حالیکه زحمت زیادی خواهید کشید.,-1,Bad
203,حتما انجام بده,بسیار خوب است با توکل به‌خدا اقدام کنید.,ان‌شاءالله که مبارک است بعضی سختیها هم شیرینی زندگی است انجام دهید.,ان‌شاءالله که سود خوبی خواهید برد به شرط آنکه موازین شرعی را رعایت کنید.,2,VeryGood
205,انجام بده,خوب است به شرط آنکه موازین شرعی را رعایت کنید.,خوب است به‌شرط آنکه به گناه نیافتید.,خوب است به‌شرط آنکه موازین شرعی را رعایت کنید.,1,Good
207,انجام بده,خوب است با عزم و اراده انجام دهید موفق می‌شوید.,خوب است با توکل به‌خدا و حفظ موازین شرعی اقدام کنید قبلا همه‌ی حرفهایتان را بزنید تا بعدا مشکلی پیش نیاید.,با رعایت تمامی جوانب اقدام نمایید سپس انجام دهید آن هم محکم و مصمم و ترس را از خود دور کنید.,1,Good
209,انجام نده,بد است اقدام نکنید که پشیمان خواهید شد.,در شأن شما نیستند شما را از دین دور کرده و به حرام خواهند انداخت.,بحرام خواهید افتاد ترک کنید.,-1,Bad
211,انجام نده,بد است مکر و حیله در کار است ترک شود.,شما را فریب می‌دهند ترک کنید که به صلاح شما نیست.,فریب و نیرنگ در کار است در صورت انجام ضرر خواهید کرد.,-1,Bad
213,انجام نده,بد است مکر و حیله در کار است ترک کنید.,اصلا به صلاح شما نیست به مشکلاتی برخواهید خورد که از زندگی سیر می‌شوید ترک کنید.,نیرنگ و فریب در کار است انجام ندهید پشیمان خواهید شد.,-1,Bad
215,انجام نده,بد است به‌هیچ‌وجه انجام ندهید که پشیمان خواهید شد.,در صورت انجام یک عمر عذاب می‌کشید و چاره‌ای نیز ندارید.,ضرر هنگفتی را متحمل می‌شوید حتما ترک کنید.,-1,Bad
217,انجام بده,خوب است با توکل به‌خدا و مشورت اقدام کنید.,به مشکلاتی بر می‌خورید ولی انشاءالله عاقبت بخیر خواهید شد حرفهایتان را تمام کنید.,مقداری اذیت خواهید شد با مشورت افراد خبره اقدام کنید ان‌شاءالله سود خواهید برد.,1,Good
219,انجام بده,خوب است با توکل به‌خدا اقدام کنید.,ان‌شاءالله که مبارک است با رعایت موازین شرعی اقدام کنید و به حرف مردم توجه نکنید.,معامله‌ی خوبی است با رعایت موازین شرعی اقدام کنید تا به حرام آلوده نشوید.,1,Good
221,انجام بده,خوب است با توکل به‌خدا اقدام کنید.,به‌خدا توکل کنید و با رعایت موازین شرعی اقدام کنید بحرف دیگران توجه نکنید.,با توکل به‌خدا اقدام کنید مواظب باشید به حرام نیافتید که در این صورت ضرر خواهید کرد.,1,Good
223,انجام نده,بد است به‌هیچ‌وجه اقدام نکنید که پشیمان خواهید شد.,مورد مناسبی نیست ترک کنید و الا یک عمر سختی خواهید کشید.,در این معامله خیری نیست ترک کنید.,-1,Bad
225,انجام نده,بد است زحمت بی‌فایده است ترک نمایید.,به آدمهای جاهل و نادان بر خورد می‌کنید و زندگی سخت و پر مشقتی خواهید داشت انجام ندهید.,زحمت بسیار و سود کم به این همه زحمت نمی‌ارزد ترک کنید.,-1,Bad
227,انجام نده,بد است خطر آبروریزی دارد ترک کنید.,در شأن و اندازه‌های هم نیستید و این اختلافات در آخر منجر به طلاق و جدایی خواهد شد.,خطر مالی و آبرویی دارد انجام ندهیدکه پشیمان خواهید شد.,-1,Bad
229,هرگز انجام نده,بسیار بد است با افراد جاهل برخورد می‌کنید و خطر آبروریزی شما را تهدید می‌کند.,اصلا اقدام نکنید که گرفتار خواهید شد و عمری را در حسرت و پشیمانی سر خواهید کرد.,ضرر و زیان زیادی خواهید دید حتما ترک کنید.,-2,VeryBad
231,هرگز انجام نده,بسیار بد است حتما ترک کنید که هم خطر جانی و هم آبرویی دارد.,حتما ترک کنید که غیر از بدبختی و ناراحتی چیز دیگری نیست.,هم خطر مالی و هم آبرویی دارد انجام ندهید.,-2,VeryBad
233,هرگز انجام نده,بسیار بد است حتما ترک کنید که به مسیری خواهید افتاد که آخرش پشیمانی و ندامت است.,اصلا اقدام نکنید که سخت پشیمان خواهید شد و زندگی بسیار بدی در انتظارتان است.,ضرر و زیان زیادی خواهید کرد ترک کنید.,-2,VeryBad
235,انجام نده,بد است دچار اختلاف و مشکلات زیادی خواهید شد ترک کنید.,بد است اختلاف زیادی در زندگی پیش خواهد آمد و دچار اذیت و آزار خواهید شد ترک کنید.,اختلافاتی پیدا خواهد شد و در آخر شما متضرر می‌شوید ترک نمایید.,-1,Bad
237,انجام نده,بد است به افراد نادان و جاهل روبرو می‌شوید و به این سبب دچار اذیت و آزار خواهید شد.,بد است در شأن شما نیستند و چیزی را از شما مخفی می‌کنند حتما ترک کنید.,بد است شما را فریب می دهند و در نتیجه ضرر خواهید کرد حتما ترک کنید.,-1,Bad
239,حتما انجام بده,بسیار خوب است مورد تحسین افرادی قرار می‌گیرید که در اول بکار شما خرده می‌گرفتند.,مورد مناسبی است از سختیها و مشکلات نهراسید که ارزش انجام را دارد.,مشکلاتی وجود دارد ولی با توجه به منفعت و سودی که نصیبتان خواهد شد ناچیز است.,2,VeryGood
241,انجام بده,خوب است با کمی صبر و حوصله به نتیجه مطلوبی می‌رسید.,زندگی خوبی خواهید داشت به‌خدا توکل کنید و اقدام کنید.,خوب است ان‌شاءالله سود خوبی نصیبتان خواهد شد.,1,Good
243,حتما انجام بده,بسیار خوب است با توکل به‌خدا اقدام کنید.,مشکلاتی وجود دارد ولی با توکل به‌خدا قابل حل است اقدام کنید.,از مشکلات نهراسید ان‌شاءالله سود خوبی نصیبتان خواهد شد.,2,VeryGood
245,انجام بده,خوب است ولی مشکلات و زحمت دارد حتی ممکن است حرف و حدیث درست شود ولی در نهایت نتیجه‌ی خوبی دارد.,خوب است اما زحمت دارد و در بعضی موارد باید سعه صدر داشته باشید.,به مشکلاتی بر می‌خورید ولی در آخر نتیجه‌ی خوبی دارد.,1,Good
247,انجام بده,خوب است مایه‌ی سرور و خوشحالی می‌شود صدقه دهید.,خوب است ان‌شاءالله که مبارک است صدقه فراموش نشود.,خوب است منفعت خوبی خواهید برد با توکل به‌خدا اقدام کنید.,1,Good
249,حتما انجام بده,بسیار خوب است بشرط آنکه مسائلتان را همه جا عنوان نکنی که بعضی تحمل ندارند که ...,بسیار خوب است توصیه‌های بالا را جدی بگیرید و صدقه بدهید.,معامله پر منفعتی است ولی قبل از انجام اسرار آنرا با کسی در میان نگذارید.,2,VeryGood
251,انجام نده,بد است و زیبائی‌های آن سرابی بیش نیست حتما ترک شود که در صورت انجام پشیمان خواهید شد.,گول ظواهر را نخورید مورد مناسبی نیست.,بد است سودی در آن وجود ندارد.,-1,Bad
253,حتما انجام بده,بسیار خوب است با توکل به‌خدا اقدام کنید ان‌شاءالله به همه‌ی اهدافتان خواهید رسید.,ان‌شاءالله که مبارک است اقدام کنید.,سود خوبی خواهید برد با توکل به‌خدا اقدام کنید.,2,VeryGood
255,حتما انجام بده,بسیار خوب است به اعتراض‌ها اعتنا نکنید و کار خود را انجام دهید.,بسیار خوب است با توکل به‌خدا اقدام کنید.,پس از مشورت با افراد خبره اقدام کنید تا سود خوبی ببرید.,2,VeryGood
257,حتما انجام بده,بسیار خوب است با توکل به‌خدا اقدام کنید.,مورد مناسبی است اقدام کنید ان‌شاءالله عاقبت بخیر خواهید شد.,با توکل به‌خدا اقدام کنید سود خوبی خواهید برد.,2,VeryGood
259,انجام بده,خوب است اقدام کنید که به اهداف خود می‌رسید.,اقدام کنید ولی اول همه‌ی صحبتها را بگویید تا مشکلی پیش نیاید.,با رعایت همه‌ی جوانب اقدام کنید ان‌شاءالله سود خواهید برد.,1,Good
261,هرگز انجام نده,بسیار بد است به‌هیچ‌وجه انجام ندهید که به‌شدت پشیمان خواهید شد.,از فکرش بیرون بیایید که به‌هیچ‌وجه به صلاح شما نیست و در صورت انجام بدبخت خواهید شد.,در صورت انجام به‌شدت ضرر خواهید کرد انجام ندهید.,-2,VeryBad
263,انجام بده,خوب است با توکل به‌خدا انجام دهید که باعث سربلندی شما می‌گردد.,مورد مناسبی است با توکل به‌خدا اقدام کنید صدقه فراموش نشود.,سود خوبی خواهید برد ولی حتما صدقه بدهید.,1,Good
265,انجام بده,خوب است اضطراب شما نیز بی‌مورد است انجام دهید که به امید خدا به اهدافتان خواهید رسید.,مورد مناسبی است با توکل به‌خدا انجام دهید و از مشکلات نهراسید.,این قدر تردید نکنید انجام دهید خداوند روزی رسان است.,1,Good
267,هرگز انجام نده,بسیار بد است شما را می‌خواهند تا به اهداف خودشان برسند حتما ترک شود.,به‌هیچ‌وجه در شأن شما نیستند انجام ندهید به‌شدت پشیمان خواهید شد.,انجام ندهید که ضرر زیادی در انتظار شما است.,-2,VeryBad
269,انجام بده,خوب است ترس و نگرانی در خود راه ندهید و با توکل به‌خدا اقدام کنید.,مورد مناسبی است از مشکلات نهراسید که شیرینی زندگی در همین مسائل است.,سود خوبی خواهید برد ممکن است مقداری دوندگی داشته باشد ولی ارزش دارد.,1,Good
271,اختیار با توست,میانه است ترک آن به ثواب نزدیکتر است.,درگیری و اختلاف دیده می‌شود انجام ندهید.,با افراد خوبی برخورد نخواهید کرد انجام ندهید بهتر است.,0,Neutral
273,انجام نده,بد است انجام ندهید که اصلا به صلاح شما نیست.,به افراد پول دوست و مادی گرا بر خورد خواهید کرد و عذاب خواهید کشید انجام ندهید.,بد است سودی نخواهید برد و در صورت داشتن سود نیز امکان به‌حرام افتادن وجود دارد ترک شود.,-1,Bad
275,انجام نده,بد است به کسانی اتکا خواهید کرد که شما را به حرام می‌اندازند و بدبخت می‌کنند ترک شود.,اصلا در شأن شما نیستند انجام ندهید که به‌شدت پشیمان خواهید شد.,در این معامله روزی برای شما مقدر نشده انجام ندهید.,-1,Bad
277,هرگز انجام نده,بسیار بد است خطر مالی و آبروریزی دارد ترک شود.,نه این دنیا را خواهید داشت نه آن دنیا را- ترک کنید که به‌هیچ‌وجه به صلاح شما نیست.,ضرر هنگفتی خواهید کرد حتما ترک شود.,-2,VeryBad
279,انجام بده,خوب است از طعنه‌ها و حرف‌های نادانان نهراسید با توکل به‌خدا به اهدافتان خواهید رسید.,از حرفها و طعنه‌های افراد نادان جا نخورید مورد مناسبی است اقدام کنید عاقبت بخیر خواهید شد.,خوب است از مشکلات و حرفها ترسی بدل راه ندهید.,1,Good
281,حتما انجام بده,بسیار خوب است اگر تابه‌حال مرتکب عمل اشتباهی شده‌اید فرصت خوبی برای جبران است.,بسیار خوب است با این ازدواج به آرامش خواهید رسید مواظب باشید مرتکب گناه نشوید.,خوب است جبران بعضی از ضررهای گذشته می‌شود بشرط آنکه به گناه نیفتید.,2,VeryGood
283,هرگز انجام نده,بسیار بد است دچار مشکلات زیادی خواهید شد به‌هیچ‌وجه انجام ندهید.,مشکلات زیادی گریبان‌گیر شما خواهد شد حتما ترک شود و الا زندگی بسیار سخت و بدی خواهید داشت.,زحمت زیاد و در آخر هم زیان و ضرر - انجام ندهید که سخت پشیمان خواهید شد.,-2,VeryBad
285,انجام بده,خوب است بعضی اوقات جزئیات یک امر مهمتر است سعی کن با دقت انجام بدهی تا موفق شوی.,مطالب بالا را در نظر داشته باش و با توکل به‌خدا اقدام کن گفتار خوب و زبان شیرین تلخی بعضی مسائل را از بین می‌برد.,با تامل و دقت کامل انجام بده تا موفق شوی.,1,Good
287,هرگز انجام نده,بسیار بد است به‌هیچ‌وجه انجام ندهید که جز ضرر و پشیمانی عایدتان نخواهد شد.,بسیار بد است به‌هیچ‌وجه انجام ندهید که به‌شدت پشیمان خواهید شد.,بسیار بد است فریب خواهید خورد و ضرر فراوانی خواهید کرد.,-2,VeryBad
289,انجام نده,بد است شما را پلکان ترقی خودشان خواهند کرد و در آخر به‌شما پشت می‌کنند انجام ندهید.,گول ظاهر را نخورید با افراد ناسپاس و نمک نشناسی روبرو خواهید شد حتما ترک شود.,شما را فریب خواهند داد و ضرر زیادی را به‌شما تحمیل خواهند کرد ترک شود.,-1,Bad
291,حتما انجام بده,بسیار خوب است خیر دنیوی و اخروی دارد انجام دهید.,مورد مناسبی است با توکل به‌خدا اقدام کنید ان‌شاءالله عاقبت بخیر خواهید شد.,سود خوبی در انتظار شما است با توکل به‌خدا اقدام کنید.,2,VeryGood
293,حتما انجام بده,بسیار خوب است باعث خیر دنیوی و اخروی شما خواهد بود با توکل به خدا اقدام کنید.,مورد بسیار مناسبی است از مشکلات نهراسید پیشرفت‌های دنیوی و اخروی دارد.,سود خوبی خواهید برد با توکل به‌خدا اقدام کنید.,2,VeryGood
295,انجام بده,خوب است اسباب گشایش و توسعه رزق و روزی و رسیدن به اهدافتان خواهد بود.,مورد مناسبی است از مشکلات نهراسید و با توکل به‌خدا انجام دهید که حل بسیاری از مشکلات شما را درپی دارد.,خوب است سود خوبی نصیب شما خواهد شد با توکل به‌خدا اقدام کنید.,1,Good
297,انجام نده,بد است دچار افراد مادی گرا خواهید شد خطر آبرویی دارد حتما ترک شود.,این مورد اصلا مورد مناسبی نیست حتما ترک شود.,ضرر هنگفتی خواهید کرد انجام ندهید و گر نه به‌شدت پشیمان خواهید شد.,-1,Bad
299,انجام بده,خوب است با توکل به‌خدا انجام دهید ان‌شاءالله که موفق می‌شوید.,خوب است امید است که فرزندان صالحی نصیبتان شود خدا را در هر حالی فراموش نکنید.,خوب است ان‌شاءالله سود خوبی خواهید برد البته اگر مرتکب حرام نشوید.,1,Good
301,حتما انجام بده,بسیار خوب است ان‌شاءالله هم خیر دنیوی دارد و هم خیر اخروی. با توکل به‌خدا انجام دهید.,ان‌شاءالله که مبارک است با توکل به‌خدا اقدام کنید.,سود خوبی عایدتان می‌شود با توکل به‌خدا اقدام کنید.,2,VeryGood
303,حتما انجام بده,بسیار خوب است از نظر مالی و اعتبار به‌شما کمک می‌کند اقدام کنید.,مورد مناسبی است با توکل به‌خدا و توسل به ائمه (ع) اقدام کنید باعث آرامش روحی و زیادی روزی است.,سود خوبی عایدتان خواهد شد صدقه را فراموش نکنید.,2,VeryGood
305,انجام بده,بسیار خوب است به اهدافتان بطور کامل خواهید رسید به‌خدا توکل کنید تا در سایه‌ی رحمتش به نتیجه دلخواه برسید.,مورد بسیار مناسب و خوبی است ان‌شاءالله که مبارک است فرزند صالح و خوبی در آتیه این امر دیده می‌شود.,سود خوبی عایدتان خواهد شد خدا را هیچگاه فراموش نکنید که هر چه هست از وجود اوست.,1,Good
307,حتما انجام بده,بسیار خوب است ولی قبل از اقدام چیزی نذر کنید و صدقه دهید تا به‌تمام اهدافتان برسید.,ان‌شاءالله که مبارک است با توکل به‌خدا اقدام کنید.,منفعت خوبی در این معامله دیده می‌شود به‌شرطی که اسرار خود را برای هر کسی فاش نکنی.,2,VeryGood
309,حتما انجام بده,بسیار خوب است از غم و غصه ها رها می‌شوید و باعث آرامش شما می‌شود از مشکلات جزئی هراسی بخود راه ندهید.,مورد مناسبی است باعث آرامش فکری و روحی شما می‌شود با توکل به‌خدا اقدام کنید.,ان‌شاءالله سود زیادی خواهید برد و مشکلات شما تا حد زیادی حل خواهد شد.,2,VeryGood
311,هرگز انجام نده,بسیار بد است ضررهای مادی و معنوی زیادی خواهد داشت حتما ترک کنید.,به‌هیچ‌وجه ازدواج مناسبی نیست حتی احتمال تولد بچه‌های ناقص یا نازایی وجود دارد حتما ترک شود.,دچار ضرر و زیان خواهید شد و به مشکلات عدیده‌ای برخواهید خورد که تمامی ندارد ترک شود.,-2,VeryBad
313,حتما انجام بده,بسیار خوب است به اهداف خود می‌رسید در هر حال خدا را فراموش نکنید.,ازدواج مناسب و قرین با خوشبختی است مسائل شرعی را رعایت کنید تا خوشبخت شما دارای دوام باشد.,منفعت خوبی خواهید برد مسائل شرعی را رعایت کنید.,2,VeryGood
315,انجام بده,خوب است خدا را هیچ گاه فراموش نکنید و با توکل به‌خدا اقدام کنید.,خوب است در همه حال خدا را در نظر داشته باشید حرفتان را همان اول تمام کنید تا بعدها به مشکل بر نخورید.,با بررسی همه‌ی جوانب اقدام کنید ان‌شاءالله سود خوبی خواهید برد.,1,Good
317,انجام بده,خوب است کسی که نیت خوبی دارد نباید از مسائل و مشکلات بترسد. با توکل به‌خدا اقدام کنید.,از مشکلات نترسید شیرینی ازدواج به همین مسائل است خدا را در همه حال در نظر داشته باشید.,با فکر به مشکلات و بزرگ کردن مسائل به جائی نمی‌رسید به‌خدا توکل کنید که هر آنچه روزی شماست خواهد رسید.,1,Good
319,انجام بده,خوب است این قدر این پا و آن پا نکنید انجام بدهید و گرنه وقتی متوجه می‌شوید که پشیمانی سودی ندارد.,مورد مناسبی است دل دل نکنید که بعدا پشیمان می‌شوید که ای کاش...,اقدام کنید خداوند برکتش را خواهد داد.,1,Good
321,هرگز انجام نده,بسیار بد است انجام ندهید که به‌شدت  پشیمان و نادم خواهید شد.,بسیار بد است هیچگونه سنخیتی با هم ندارید حتما ترک شود.,حتی از فکرش هم بیرون بیایید به حرام خواهید افتاد و آثار بسیار بدی در زندگیتان بجا خواهد گذاشت.,-2,VeryBad
323,هرگز انجام نده,بسیار بد است خطر جانی و آبرویی دارد حتما ترک شود.,اختلافات زیادی با هم دارید و در صورت انجام به‌شدت پشیمان خواهید شد ولی آن وقت دیگر دیر است.,به‌هیچ‌وجه معامله‌ی خوبی نیست حتما ترک شود.,-2,VeryBad
325,انجام نده,بد است به دعوا و درگیری کشیده می‌شود و خطر آبرویی دارد حتما ترک شود.,زندگی بد و سراسر درگیری و نزاعی خواهد بود ترک شود.,مشکلات زیاد و در آخر هم سودی نخواهید برد ترک شود.,-1,Bad
327,انجام نده,بد است دچار مشکلات زیادی خواهید شد و در آخر به نتیجه نمی‌رسید که هیچ ممکن است آبرو ریزی هم بشود.,مورد مناسبی نیست در صورت انجام به‌شدت پشیمان خواهید شد ترک شود.,زحمت زیادی دارد و آخر هم به آنچه که مد نظر است نمی رسید. بد است.,-1,Bad
329,انجام بده,خوب است به اهدافتان خواهید رسید با توکل به‌خدا انجام دهید.,مورد مناسبی است با توکل به‌خدا اقدام کنید صدقه فراموش نشود.,سود خوبی خواهید برد با توکل به‌خدا و حفظ موازین شرعی اقدام کنید.,1,Good
331,حتما انجام بده,بسیار خوب است با توکل به‌خدا اقدام کنید صدقه فراموش نشود.,خوب است با توکل به‌خدا اقدام کنید ان‌شاءالله عاقبت بخیر خواهید شد.,خوب است با توکل به‌خدا و رعایت شرایط اقدام کنید ان‌شاءالله سود خوبی خواهید برد.,2,VeryGood
333,حتما انجام بده,بسیار خوب است مشکلات شما تا حد زیادی با این کار حل خواهد شد. اقدام کنید.,مورد مناسبی است با توکل به‌خدا اقدام کنید بسیاری از مشکلات و ناراحتیهای شما با این ازدواج حل خواهد شد.,با رعایت جوانب اقدام نمایید تا سود خوبی نصیبتان شود.,2,VeryGood
335,انجام بده,خوب است با توکل به‌خدا اقدام کنید به اهدافتان خواهید رسید.,خوب است انسان مگر از ازدواج چه چیزی می‌خواهد با توکل به‌خدا اقدام کنید.,خوب است با مشورت با افراد خبره سود بهتری نصیبتان خواهد شد.,1,Good
337,انجام بده,خوب است از مشکلات نهراسید. با توکل به‌خدا انجام دهید ان‌شاءالله به اهدافتان خواهید رسید.,مورد مناسبی است ان‌شاءالله همه‌ی مشکلاتتان حل خواهد شد.,خوب است ان‌شاءالله سود خوبی خواهید برد.,1,Good
339,حتما انجام بده,بسیار خوب است با توکل به‌خدا اقدام کنید ان‌شاءالله به اهدافتان خواهید رسید.,مورد بسیار مناسبی است با توکل به‌خدا اقدام کنید ان‌شاءالله که عاقبت‌به‌خیر خواهید شد.,خوب است ان‌شاءالله منفعت خوبی خواهید برد مواظب باشید مرتکب حرام نشوید که پشیمان خواهید شد.,2,VeryGood
341,هرگز انجام نده,بسیار بد است به مشکلات زیادی بر می‌خورید و به‌شدت پشیمان خواهید شد.,به‌هیچ‌وجه این کار را نکنید که به‌شدت پشیمان خواهید شد.,در صورت انجام ضرر هنگفتی خواهید کرد حتما ترک شود.,-2,VeryBad
343,اختیار با توست,میانه است فایده‌ای دارد ولی با زحمت بسیار زیاد در صورت تمایل به انجام صدقه بدهید و صبر داشته باشید.,میانه است اگر صبر و تحمل زیادی دارید انجام دهید و الا ترکش کنید بهتر است.,ممکن است سرمایه‌ی شما مدتی معطل بماند اگر اشکالی ندارد انجام بده و الا ترک کن.,0,Neutral
345,انجام نده,بد است اصلا صلاح نیست ترک کنید.,در شأن شما نیستند و در صورت انجام یکسری دعوا و مرافعه خواهید داشت.,بد است ضرر خواهید کرد و به‌هیچ کدام از چیزهایی که فکر می‌کنید نمی‌رسید.,-1,Bad
347,هرگز انجام نده,بسیار بد است دچار آدم‌های بدی خواهید شد و به سختی و عذاب دچار خواهید شد. حتما ترک شود.,به‌هیچ‌وجه مورد مناسبی نیست حتما ترک شود.,به آدمهای کلاهبرداری برخورد خواهید کرد هر چند در ظاهر خیلی خوب به‌نظر می‌رسند حتما ترک شود.,-2,VeryBad
349,انجام نده,بد است دچار مشکلات زیادی می‌شوید و در آخر هم به آنچه که می‌خواهید نمی‌رسید.,مورد مناسبی نیست دائما در حال جنگ و دعوا خواهید بود و زندگی بدی خواهید داشت ترک شود.,پس از زحمت فراوان آخر هم ضرر نصیب شما می‌شود ترک کنید.,-1,Bad
351,انجام نده,بد است مورد افتراء و تهمت قرار می‌گیرید حتما ترک شود.,به سختیها و مشقتهایی می‌افتید که از زندگی سیر می‌شوید ترک کنید.,بد است دچار ضرر و زیان خواهید شد ترک کنید.,-1,Bad
353,اختیار با توست,میانه خوب است اگر همه‌ی شرایط مهیا است انجام دهید و الا ترک کنید.,همه‌ی حرفها را اول بزنید و همه‌ی جوانب را در نظر بگیرید اگر همه‌ی شرایط مهیا است انجام دهید و الا ترک کنید.,اگر همه‌ی جوانب را سنجیده‌اید و مشکلی نیست انجام دهید و الا ترکش بهتر است.,0,Neutral
355,حتما انجام بده,بسیار خوب است خیر دنیا و آخرت در آن است حتما انجام دهید.,بسیار خوب است مگر انسان از یک ازدواج خوب چه تعریفی دارد حتما اقدام شود.,سود خوبی نصیبتان می‌شود اقدام کنید.,2,VeryGood
357,اختیار با توست,میانه خوب است انجام دهید هر چند ممکن است به همه‌ی اهداف خود نرسید.,خوب است البته اگر بشود.,خوب است هر چند ممکن است به همه‌ی اهداف خود نرسید.,0,Neutral
359,انجام بده,خوب است با مشورت افراد خبره و با توکل به‌خدا اقدام کنید.,احتیاج به اجازه دارد با تحقیق بیشتر اقدام نمایید تا بعدا دچار مشکل نشوید.,با لحاظ شرایط خوب و الا ترکش بهتر است.,1,Good
361,انجام نده,بد است پشیمانی شدید دارد ترک شود.,به درگیری و نزاع کشیده می‌شود زندگی بسیار بدی خواهید داشت ترک شود.,بد است دچار ضرر و زیان خواهید شد و پشیمانی شدید دارد ترک شود.,-1,Bad
363,انجام بده,خوب است اما زحمت زیاد دارد با توکل به‌خدا انجام دهید.,خوب است ولی خیلی سختی خواهید کشید و دچار زحمت خواهید شد اگر طاقتش را دارید انجام دهید.,سود خوبی نصیبتان می‌شود با توکل به‌خدا اقدام کنید و از مشکلات نهراسید.,1,Good
365,حتما انجام بده,بسیار خوب است با توکل به‌خدا انجام دهید ان‌شاءالله به همه‌ی اهدافتان می‌رسید.,مورد مناسبی است ان‌شاءالله عاقبت بخیر خواهید شد.,ان‌شاءالله آن چه که در نظر دارید می‌شود با توکل به‌خدا اقدام کنید.,2,VeryGood
367,حتما انجام بده,بسیار خوب است از مشکلات نهراسید و با توکل به‌خدا انجام دهید ان‌شاءالله هر آنچه که در نظر دارید انجام می‌شود.,هر آنچه از یک ازدواج خوب می‌شود توقع داشت وجود دارد پس درنگ نکنید جایز نیست.,سود خوبی نصیبتان خواهد شد با توکل به‌خدا انجام دهید.,2,VeryGood
369,هرگز انجام نده,بسیار بد است فریب و نیرنگ در کار است حتما ترک شود.,چیزی از شما مخفی مانده است که اگر بدانید هرگز این کار را نخواهید کرد حتما ترک کنید.,به افراد مکار و حیله گری بر خواهید خورد به‌شدت متضرر می‌شوید ترک کنید.,-2,VeryBad
371,انجام بده,خوب است با زبان خوش و هدف خوب ان‌شاءالله به آنچه که می‌خواهید می‌رسید.,مورد مناسبی است شما هم با زبان خوش مسائلتان را مطرح نمایید ان‌شاءالله عاقبت بخیر خواهید شد.,با زبان خوش اقدام کنید معامله‌ی خوبی خواهد بود ان‌شاءالله .,1,Good
373,انجام نده,بد است حرف زده می‌شود ولی عمل نمی‌شود ترک کنید.,همه‌ی مسائل در حد حرفها باقی می‌ماند و عمل نمی‌شود اقدام نکنید که بعدا پشیمان خواهید شد.,است به حرفهایشان عمل نمی‌کنند و دچار اختلاف خواهید شد ترک شود.,-1,Bad
375,انجام نده,بد است دچار چه‌کنم چه‌کنم خواهید شد ترک شود.,اصلا از نظر طبع و رفتار بهم نمی‌خورید و دچار مشکلات فراوانی خواهید شد، ترک شود.,دچار افرادی خواهید شد که به‌هیچ وجه صراطی مستقیم نیستند ترک شود.,-1,Bad
377,حتما انجام بده,بسیار خوب است با توکل به‌خدا اقدام کنید ان‌شاءالله به همه‌ی اهدافتان خواهید رسید.,مورد بسیار مناسبی است ان‌شاءالله عاقبت بخیر خواهید شد.,سود خوبی خواهید برد مستمندان را فراموش نکنید.,2,VeryGood
379,انجام بده,خوب است از مشکلات هم هراسی به‌دل راه ندهید. با توکل به‌خدا موفق می‌شوید.,خوب است هم خیر دنیا و خیر اخروی دارد با توکل به‌خدا انجام دهید.,خوب است خیر دنیوی و اخروی دارد با توکل به‌خدا انجام دهید.,1,Good
381,انجام نده,بد است دچار اختلاف و مجادله خواهید شد ترک شود.,دچار اختلاف و درگیری خواهید شد و به جدایی خواهد انجامید.,دچار اختلاف و درگیری خواهید شد ترک شود.,-1,Bad
383,انجام نده,بد است به چه‌کنم چه‌کنم گرفتار خواهید شد ترک شود.,همه‌ی زندگی دچار اختلاف خواهید شد و دائما از شما بابت هر کاری پرس و جو می‌شود ترک شود.,به مشکلات و شرایط سختی بر می‌خورید ترک شود.,-1,Bad
385,انجام بده,خوب است الان شرایط انجام این کار را دارا هستید با توکل به‌خدا انجام دهید ان‌شاءالله به همه‌ی اهدافتان خواهید رسید.,ان‌شاءالله که مبارک است مورد بسیار مناسبی است اقدام کنید.,خوب است ان‌شاءالله به هدف مورد نظرتان دست می‌یابید همه‌ی جوانب را در نظر داشته باشید.,1,Good
387,انجام بده,خوب است الان شرایط انجام این کار را دارا هستید با توکل به‌خدا انجام دهید ان‌شاءالله به همه‌ی اهدافتان خواهید رسید.,ان‌شاءالله که مبارک است مورد بسیار مناسبی است اقدام کنید.,خوب است ان‌شاءالله به هدف مورد نظر تان دست می‌یابید همه‌ی جوانب را در نظر داشته باشید.,1,Good
389,انجام بده,خوب است از مشکلات نهراسید با توکل به‌خدا انجام دهید.,مورد مناسبی است ان‌شاءالله عاقبت بخیر خواهید شدبا توکل به‌خدا اقدام کنید.,منفعت خوبی در این معامله است با توکل به‌خدا انجام دهید.,1,Good
391,انجام بده,خوب است با توکل به‌خدا کار را انجام دهید از شما حرکت و از خدا برکت.,مورد مناسبی است با توکل به‌خدا انجام دهید و از مشکلات نهراسید.,خوب است به‌سود خوبی خواهید رسید با توکل به‌خدا انجام دهید.,1,Good
393,انجام نده,بد است فریب و نیرنگ در کار است انجام ندهید که پشیمان خواهید شد.,هیچگاه با ظاهر افراد نمی‌توان به باطنشان و آنچه در آینده نشان می‌دهند پی برد ترک شود که پشیمانی شدید دارد.,گول ظواهر امر را نخورید شما را فریب می‌دهند و ضرر هنگفتی را به‌شما تحمیل می کنند ترک شود.,-1,Bad
395,انجام نده,بد است به چه‌کنم چه‌کنم گرفتار می‌شوید و وقتی متوجه می‌شوید که دیگر پشیمانی سودی ندارد.,اصلا مورد مناسبی نیست حتما ترک شود و الا پشیمان خواهید شد.,به‌هیچ‌وجه انجام آن به صلاح شما نیست در چاهی می‌افتید که خلاصی از آن بسیار مشکل است.,-1,Bad
397,انجام بده,خوب است با توکل به‌خدا به همه‌ی اهدافتان خواهید رسید ان‌شاءالله,ان‌شاءالله که مبارک است به پای هم پیر شوید.,خوب است منفعت خوبی خواهید برد و جبران ضررهای گذشته نیز می‌شود.,1,Good
399,اختیار با توست,میانه است سختی و مشکلات زیاد دارد اگر صبر و توانش را دارید انجام دهید و الا ترک شود.,میانه است سختی و مشکلاتی دیده می‌شود که اگر بتوانید حل کنید خوب است و الا بد است.,سختی و مشقت دارد در صورت توان انجام و الا ترک شود.,0,Neutral
401,انجام نده,بد است اگر چه ظاهر خوش خط و خالی دارد ولی اصلا مورد مناسبی نیست .,به‌هیچ‌وجه انجام ندهید باطن با ظاهر تفاوت بسیار دارد ترک شود.,فریب ظاهر خوش خط و خال را نخورید که به‌شدت پشیمان خواهید شد.,-1,Bad
403,انجام نده,بد است خطر جانی و آبرویی دارد آن هم جایی و وقتی که حتی فکرش را هم نمی‌کنید حتما ترک شود.,بد است اصلا در شأن شما نیستند و خطر آبرویی و حتی جانی دارد حتما ترک شود.,سری که درد نمی کند دستمال نمی‌بندند حتما ترک کن که در این کار هیچ خیری برای تو قرار ندارد.,-1,Bad
405,انجام نده,بد است از این کار صرف نظر کنید خداوند به موقع راه بهتری را پیش روی شما خواهد گذاشت.,مورد مناسبی را انتخاب نکرده‌اید صبر کنید و به‌خدا توکل کنید مورد مناسبی در انتظار شما است.,بد است تعجیل برای ضرر- کار عاقلانه‌ای نیست صبر کنید مورد بهتری در راه است.,-1,Bad
407,انجام بده,خوب است البته با تحقیق کافی و مشورت با افراد خبره.,خوب است ولی اول تحقیق کافی شود و سپس اقدام کنید ضمنا همه‌ی حرفهایتان را اول بزنید که بعدها به مشکل برنخورید.,با مشورت با افراد خبره و تحقیق بیشتر اقدام کنید تا بعدا متضرر نشوید.,1,Good
409,انجام نده,بد است در صورت انجام به‌شدت پشیمان خواهید شد ترک شود.,بد است هر چند ممکن است ظاهر زیبایی داشته باشد ولی بعد از مدتی متوجه می‌شوید که متاسفانه آن وقت خیلی دیر شده است.,بعد از کلی زحمت و مشقت در آخر هم چیزی دست شما را نمی‌گیرد به ظاهرش نگاه نکن که بعدا پشیمان خواهی شد.,-1,Bad
411,حتما انجام بده,بسیار خوب است خیر دنیوی و اخروی دارد با توکل به‌خدا انجام دهید ان‌شاءالله به همه‌ی اهدافتان خواهید رسید.,از هر نظر مناسب است ان‌شاءالله عاقبت بخیر خواهید شد.,بسیار پر سود و منفعت است با توکل به‌خدا انجام دهید.,2,VeryGood
413,انجام نده,بد است حرف و حدیث زیاد دارد و به مشکلات عدیده ای بر خواهید خورد ترک شود.,از اول تا آخرش پر از حرف و حدیث و دعوا و مرافعه- پس همین اول امر ترک کن.,سری که درد نمی کند دستمال نمی‌بندند مشکلات زیادی در چنین کاری پیش می‌آید و به بن بست می‌رسید ترک شود.,-1,Bad
415,حتما انجام بده,بسیار خوب است از مشکلات نترسید و با توکل به‌خدا انجام دهید ان‌شاءالله به همه‌ی اهدافتان خواهید رسید.,از مشکلات نهراسید مورد مناسبی است که ارزش هر کاری را دارد انجام دهید ان‌شاءالله عاقبت بخیر خواهید شد.,آن قدر سود خواهید کرد که مشکلات را از ‌یاد ببرید با توکل به‌خدا انجام دهید.,2,VeryGood
417,هرگز انجام نده,بسیار بد است استغفار کنید و به‌هیچ‌وجه انجام ندهید که عذاب دنیوی و اخروی دارد.,به‌هیچ‌وجه انجام ندهید از گناهانتان توبه کنید و فکر این کار را از سر خود بیرون کنید.,اصلا انجام ندهید که بعدا به‌شدت پشیمان خواهید شد.,-2,VeryBad
419,انجام نده,بد است مورد پرس و جو و مواخذه قرار می گیرید حتما ترک شود.,اصلا مورد مناسبی برای شما نیست و زندگی بدی خواهید داشت بابت هر مسئله باید جواب پس دهید و زندگی تلخی به چشم می خورد ترک شود.,آن قدر به مشکلات برخواهید خورد که از کرده‌ی خود پشیمان می‌شوید ترک شود.,-1,Bad
421,حتما انجام بده,بسیار خوب است به‌همین روشی که در نظر دارید عمل کنید ان‌شاءالله به همه اهدافتان خواهید رسید.,مورد بسیار مناسبی است قبل از ازدواج همه‌ی حرفهایتان و اصولی که به آن پایبندید را بزنید ان‌شاءالله عاقبت بخیر خواهید شد.,طبق همان شرایطی که در نظر دارید انجام دهید سود خوبی خواهید برد و به اعتبارتان نیز اضافه خواهد شد.,2,VeryGood
423,انجام نده,بد است به‌حرام خواهید افتاد و مشکلات زیادی سر راهتان قرار می‌گیرد ترک کنید.,زندگی سراسر سختی و عذابی خواهید داشت حتما ترک شود.,اصلا به صلاح شما نیس اگر این معامله را انجام دهید به مشکلات زیادی بر می‌خورید و به حرام خواهید افتاد ترک شود.,-1,Bad
425,اختیار با توست,میانه است مشکلات و درد سرهایی دیده می‌شود اگر توان و صبرش را دارید انجام دهید و الا ترک شود.,میانه است مشکلات و دردسرهایی دیده می‌شود به‌نظر می رسد ترکش بهتر باشد مگر آنکه توانایی و صبر بر مشکلات را داشته باشید.,میانه است در صورت اصرار به انجام بهتر است همه‌ی جوانب قضیه ‌بررسی شود و الا ترکش بهتر است.,0,Neutral
427,انجام نده,بد است دچار آبروریزی خواهید شد ولی دیگر پشیمانی سودی ندارد ترک کنید.,به‌هیچ‌وجه مورد مناسبی نیست یکسره دعوا و درگیری خواهید داشت به آبرو ریزیش نمی ارزد ترک شود.,خطر آبرویی و مالی دارد اعتبار شما نیز زیر سوال می‌رود ترک شود.,-1,Bad
429,انجام نده,بد است مشکلات زیادی سر راهتان قرار می‌گیرد و در آخر هم به آنچه می خواستید نمی‌رسید ترک شود که پشیمانی دارد.,به‌هیچ‌وجه در شأن شما نیستند و مشکلات بسیاری در این زندگی وجود دارد که یکی از آنها هم برای بدبختی تان کافی است حتما ترک شود.,مشکلات بسیاری بوجود می‌آید و از کرده‌ی خود پشیمان می‌شوید ترک کنید.,-1,Bad
431,اختیار با توست,میانه است احتیاج به اجازه و مشورت با افراد خبره دارد در صورت صلاحدید و کسب اجازه انجام دهید والا ترک شود.,موارد بالا رعایت شود در صورت موفق شدن در این کار انجام والا ترک شود.,در صورت مشورت با افراد خبره خوب و الا ترک شود.,0,Neutral
433,انجام نده,بد است در صورت انجام پشیمان خواهید شد و به مشکلاتی بر می‌خورید که فکرش را نمی کردید. ترک شود.,به مشکلات بر می‌خورید و اذیت و آزار خواهید شد ترک شود و الا پشیمان خواهید شد.,پس از زحمت زیاد در آخر هم به آن چیزی که در نظر دارید نمی‌رسید ترک شود.,-1,Bad
435,انجام نده,بد است شما را تکذیب می‌کنند و مورد اذیت و آزار قرار می‌گیرید. ترک شود.,به مشکلاتی بر می‌خورید که حتی فکرش را هم نمی‌کردید و بعدا پشیمان می‌شوید ولی سودی ندارد ترک شود.,به مشکلات زیادی بر می‌خورید و شما را تکذیب می‌کنند ترک شود.,-1,Bad
437,انجام نده,بد است آنچه در ذهن شما می‌گذرد با واقعیت تفاوت زیادی دارد ترک شود که پشیمانی شدید دارد.,ظاهر افراد با باطنشان تفاوت زیادی دارد و این را وقتی می‌فهمید که خیلی دیر شده است ترک شود.,در ظاهر خیلی زیبا و خوش خط و خال به نظر می‌رسد ولی در باطن ضرر زیادی هم بمال و هم به اعتبارتان خواهد زد ترک شود.,-1,Bad
439,انجام نده,بد است اقدامی انجام می‌دهید که بعدا به‌شدت پشیمان خواهید شد. حتما ترک شود.,به‌هیچ‌وجه مورد مناسبی را انتخاب نکرده‌اید تا زود است منصرف شوید که فردا پشیمانی فایده‌ای ندارد.,به‌هیچ‌وجه انجام ندهید که پشیمانی دارد و دچار ضرر مالی و اعتباری خواهید شد.,-1,Bad
441,انجام نده,بد است زحمت زیادی می کشید و در آخر هم به نتیجه دلخواه نمی رسید. ترک شود.,به‌هیچ‌وجه مورد مناسبی نیست و هر روز دعوا وجود دارد ترک شود.,زحمت زیادی می کشید مشکلات زیادی هم سر راهتان قرار می گیرد و در آخر هم متضرر ‌می‌شوید.,-1,Bad
443,انجام نده,بد است زحمت فراوان و در آخر هم جز پشیمانی حاصلی ندارد.,بد است زندگی پر از دعوا و حرف و حدیثی خواهید داشت ترک کنید.,ترک نمایید که جز پشیمانی حاصلی ندارد.,-1,Bad
445,انجام نده,بد است اقدام نکنید که پشیمانی دارد.,بد است دچار زحمتهای فراوانی خواهید شد ولی آنها باز هم از شما توقعاتی دارند که از توان شما خارج است پشیمانی دارد ترک کنید.,سودی نخواهید کرد و از طرف دیگر باعث اختلاف و درگیری هم می‌شود ترک شود که پشیمانی دارد.,-1,Bad
447,انجام نده,بد است مورد سوال و باز خواست قرار می‌گیرید ترک شود.,اگر از جان خود سیر شده اید اقدام کنید.,بد است دچار ضرر و زیان ‌می‌شوید و حتی ممکن است سرمایه‌ی خود را از دست بدهید ترک شود.,-1,Bad
449,حتما انجام بده,بسیار خوب است با توکل به‌خدا اقدام کنید ان‌شاءالله به‌همه‌ی اهدافتان خواهید رسید.,بسیار خوب و فرزندانی صالح ثمره ی این ازدواج است با توکل به‌خدا اقدام کنید.,بسیار خوب است با توکل به‌خدا ان‌شاءالله سود خوبی در انتظار شماست مستمندان را فراموش نکنید.,2,VeryGood
451,انجام نده,بد است مورد تکذیب قرار می‌گیرید و به مشکل بر می‌خورید ترک شود.,به مشکلات و مسائلی بر می‌خورید که ادامه‌ی زندگی را برای شما غیر ممکن می‌سازد ترک شود.,مشکلاتی در بین است که باعث می‌شود به اعتبار شما لطمه وارد شود و ضرر می‌کنید ترک شود.,-1,Bad
453,انجام بده,خوب است از مشکلات نترسید و با توکل به‌خدا اقدام کنید.,خوب است با توکل به‌خدا اقدام کنید ومشکلات هم در اوائل ازدواج طبیعی است فقط نباید از آن بترسید.,سود خوبی دارد و به زحمتش می‌ارزد با توکل به‌خدا انجام بده.,1,Good
455,انجام نده,بد است خطر مالی و آبرویی دارد حتما ترک شود.,به‌هیچ‌وجه مورد مناسبی نیست و در صورت انجام به‌شدت پشیمان خواهید شد.,خسارت هنگفتی خواهید کرد و اعتبار شما نیز بر اثر آن زیر سوال می‌رود ترک شود.,-1,Bad
457,انجام نده,بد است مورد اذیت و آزار عده‌ای نادان قرار می‌گیرید و از کار خود به‌شدت پشیمان می‌شوید ترک شود.,نزاع- درگیری- طلاق و چیز دیگری هم در این ازدواج نیست ترک شود.,دچار افراد شیاد و بدجنسی خواهید شد به‌هیچ‌وجه انجام ندهید.,-1,Bad
459,اختیار با توست,میانه است در صورت بررسی همه‌ی جوانب و مساعد بودن اوضاع انجام والا ترک شود.,بیشتر تحقیق کنید اگر همه‌ی جوانب را بررسی کردید و موردی وجود نداشت انجام دهید و الا ترکش کنید.,با افراد خبره و اهل فن مشورت کن جوانب کار را نیز بسنج اگر خوب بود عمل کن والا ترکش کن.,0,Neutral
461,انجام نده,بد است از ظاهر قضیه نمی‌توان به باطن آن پی برد ترک شود.,مورد مناسبی نیست توجه به ظاهر آدم را از خیلی مسائل دور می کند ترک شود.,مار خوش خط خالی است ولی سعی کن نزدیکش نشوی.,-1,Bad
463,اختیار با توست,میانه است در صورتی که تمام جوانب را رعایت کنید و با احتیاط عمل کنید خوب است والا بد است.,به‌زحمت و درد سرش نمی ارزد زندگی بدی پیدا می کنید پس بهتر است اصلا شروع نکنید.,به افراد شیادی بر می‌خورید با احتیاط عمل کنید و در صورت امکان ترک کنید.,0,Neutral
465,هرگز انجام نده,بسیار بد است دچار پشیمانی شَدید خواهید شد. حتما ترک شود.,بسیار بد است اصلا هیچ سنخیتی و نزدیکی باهم ندارید و در صورت انجام به شدت پشیمان خواهید شد.,در صورت انجام این معامله به‌شدت متضرر و پشیمان خواهید شد.,-2,VeryBad
467,انجام بده,خوب است ان‌شاءالله به همه‌ی اهدافتان خواهید رسید با توکل به‌خدا اقدام کنید.,از هر جهت مورد مناسبی است با توکل به‌خدا اقدام کنید ان‌شاءالله عاقبت بخیر خواهید شد.,سود خوبی از این معامله نصیبتان خواهد شد مستمندان را فراموش نکنید.,1,Good
469,انجام نده,بد است مورد خیلی دقیق و میلی‌متری است و با کوچکترین لغزش سقوط خواهید کرد پس ترکش به صواب نزدیکتر است.,ظاهرش دیگران را می کشد داخلش شما را ترک کنید.,با‌ یک لغزش کوچک کارتان تمام است انجام ندهید.,-1,Bad
471,انجام نده,بد است مورد تهمت و بهتان قرار می‌گیرید و انگشت نما می‌شوید ترک کنید.,هر چند ظاهرا مشکلی وجود ندارد ولی در باطن چیز دیگری است ترک شود و الا به‌شدت پشیمان خواهید شد.,ضرر هنگفتی خواهید کرد و اعتبارتان زیر سوال می‌رود ترک کنید.,-1,Bad
473,انجام نده,بد است در صورت انجام به‌شدت پشیمان می‌شوید ولی دیگر پشیمانی شما سودی نخواهد داشت.,به‌هیچ‌وجه مورد مناسبی برای شما نیست انجام ندهید که بعدا پشیمانی سودی ندارد.,بعذاب و سختی دچار خواهید شد و متضرر ‌می‌شوید ترک شود.,-1,Bad
475,انجام نده,بد است اگر چه در اول کار ممکن است این طور نشان ندهد ولی در آخر حاصلی جز حسرت و پشیمانی ندارد.,اول و آخرش بود خون بار... ترک کن جان من تو این گفتار,ضرر هنگفتی خواهید کرد و اعتبارتان نیز زیر سوال می‌رود ترک کنید.,-1,Bad
477,حتما انجام بده,بسیار خوب است با توکل به‌خدا انجام دهید ان‌شاءالله به همه‌ی اهدافتان خواهید رسید.,ان‌شاءالله که مبارک است با توکل به‌خدا انجام دهید.,معامله‌ی پر سود و برکتی است مستمندان را فراموش نکنید.,2,VeryGood
479,انجام نده,بد است دقیقاً نتیجه عکس آن چیزی که منظورتان است حاصل می‌شود ترک نمایید.,زندگی بدی خواهید داشت و هر چه از زندگی می‌گذرد وضع بدتر می‌شود ترک کنید.,ضرر هنگفتی خواهید دید و پشیمانی شدید دارد انجام ندهید.,-1,Bad
481,انجام بده,خوب است با توکل به‌خدا به اهدافتان خواهید رسید ان‌شاءالله.,مورد مناسبی است باعث آرامش شما و بوجود آمدن فرزندان سالم و خوبی خواهد شد.,سود خوبی نصیبتان می‌شود با توکل به‌خدا اقدام کنید.,1,Good
483,حتما انجام بده,بسیار خوب است به همه‌ی اهدافتان خواهید رسید و باعث افزایش اعتبارتان خواهد بود ان‌شاءالله.,ان‌شاءالله که مبارک است قدر همدیگر را بدانید و خدا را فراموش نکنید.,مورد پرسود و منفعتی خواهد بود با توکل به‌خدا اقدام کنید.,2,VeryGood
485,هرگز انجام نده,بسیار بد است به‌هیچ‌وجه انجام ندهید که پشیمانی شدید دارد.,به‌هیچ‌وجه مورد مناسبی نیست و زندگی یکسره درگیری و نزاعی را خواهید داشت ترک شود.,به‌حرام می افتید و دچار عذاب و زحمت طاقت فرسایی خواهید شد انجام ندهید.,-2,VeryBad
487,انجام بده,خوب است با صبر و حوصله مشکلاتتان حل شده و به نتیجه‌ی دلخواه خواهید رسید ان‌شاءالله.,خوب است به‌شرط آنکه با دیدن مشکلات نترسید و با صبر و حوصله موارد این‌چنینی را با درایت حل کنید.,با زحمت و رنج به‌سود خوبی دست خواهید ‌یافت به‌خدا توکل کنید و در هیچ کاری خدا را فراموش نکنید.,1,Good
489,حتما انجام بده,بسیار خوب است با توکل به‌خدا اقدام کنید خیر دنیوی و اخروی دارد ان‌شاءالله,مورد مناسبی است ان‌شاءالله عاقبت بخیر خواهید شد.,با توکل به‌خدا اقدام کنید از شما حرکت از خدا برکت.,2,VeryGood
491,انجام نده,بد است زحمت زیادی خواهید کشید و در آخر نیز نتیجه‌ی دلخواهتان حاصل نمی‌شود.,اصلا بهم نمی‌خورید و هیچ نقطه‌ی اشتراکی با نیز نتیجه‌ی دلخواهتان حاصل نمی‌شود.,زحمت زیاد و در آخر هم ضرر و پشیمانی ترک شود.,-1,Bad
493,انجام نده,بد است به‌زحمت و عذاب خواهید افتاد و از کرده‌ی خود پشیمان می‌شوید.,به‌سختی و عذاب خواهید افتاد و از کرده خود به‌شدت پشیمان می‌شوید حتما ترک شود.,دچار ضرر و زیان ‌می‌شوید و پشیمانی شدیدی به‌دنبال دارد.,-1,Bad
495,هرگز انجام نده,بسیار بد است به‌هیچ‌وجه انجام ندهید که پشیمانی شدید دارد و به چه‌کنم چه‌کنم گرفتار می‌شوید.,به‌هیچ‌وجه مورد مناسبی نیست و به رنج و عذاب سختی مبتلا خواهید شد حتما ترک شود.,دچار ضرر هنگفتی خواهید شد و اعتبار و آبروی شما از این بابت زیر سوال می‌رود ترک شود.,-2,VeryBad
497,انجام نده,بد است به سختی و عذابی گرفتار خواهید شد که از توان شما خارج است ترک شود.,نزاع- درگیری- طلاق و ... حتما ترک شود.,ضرر- بی اعتباری - آبروریزی و... حتما ترک شود.,-1,Bad
499,حتما انجام بده,بسیار خوب است با توکل به‌خدا به همه‌ی اهدافتان خواهید رسید ان‌شاءالله.,از هر جهت مورد مناسبی است ان‌شاءالله عاقبت بخیر خواهید شد خدا را در همه حال در نظر داشته باشید.,بسیار خوب است سود خوبی نصیبتان خواهد شد با توکل به‌خدا انجام دهید مستمندان را فراموش نکنید.,2,VeryGood
501,هرگز انجام نده,بسیار بد است از گذشته درس بگیرید و اشتباهات گذشته را تکرار نکنید و گرنه باید تاوان سختی از این بابت بدهید.,بسیار بد است به‌هیچ‌وجه بهم نمی‌خورید و در صورت انجام به‌شدت پشیمان خواهید شد ولی دیگر سودی ندارد.,ضرر هنگفتی خواهید کرد و به‌شدت پشیمان خواهید شد انجام ندهید.,-2,VeryBad
503,هرگز انجام نده,بسیار بد است به افرادی بر می‌خورید که شما را پلکان خود می‌کنند و شما را به‌خاک سیاه می‌کشانند انجام ندهید.,به‌هیچ‌وجه این کار را انجام ندهید چون زندگی بسیار بد و نکبت‌باری خواهید داشت.,اعتبار و مال شما در اثر این کار لطمه خواهد خورد ترک شود.,-2,VeryBad
505,هرگز انجام نده,بسیار بد است به آدمهایی بر می‌خورید که هیچ رحم و مروتی ندارند و شما را به‌خاک سیاه می‌نشانند ترک شود,بسیار بد است هیچ وجه مشترکی با هم ندارید حتما ترک شود.,بسیار بد است سرمایه و اعتبار شما به خطر می‌افتد گرفتار عده‌ای شیاد خواهید شد و شما را بدبخت می‌کنند.,-2,VeryBad
507,هرگز انجام نده,بسیار بد است هر کاری که انجام دهید به نتیجه نمی‌رسید و در آخر هم جز پشیمانی سودی ندارد.,بسیار بد است زندگی بدی خواهید داشت و جز نزاع و درگیری چیز دیگری دیده نمی‌شود.,بد است مال و اعتبارتان به مخاطره می‌افتد و هر کاری کنید به نتیجه نمی‌رسد ترک شود.,-2,VeryBad
509,انجام نده,بد است دچار افرادی می‌شوید که به‌هیچ‌وجه صراطی مستقیم نیستند و شما هر کاری کنید آنها حرف خودشان را می‌زنند ترک شود.,یکسره درگیری و نزاع دیده می‌شود به هم نمی‌خورید و دچار مشکلات زیادی خواهید شد ترک شود.,بد است دچار افراد زبان نفهم ‌می‌شوید و خسارت هنگفتی را متحمل ‌می‌شوید ترک شود.,-1,Bad
511,حتما انجام بده,بسیار خوب است دیگر از این موقعیت‌های خوب، کمتر به سراغ شما می‌آید با توکل به‌خدا اقدام کنید.,بسیار خوب است از هر نظر مورد مناسبی است ان‌شاءالله عاقبت بخیر خواهید شد.,سود خوبی نصیبتان خواهد شد مستمندان را فراموش نکنید.,2,VeryGood
513,انجام نده,بد است دچار سختی و عذاب خواهید شد در آخر هم به نتیجه‌ای که می‌خواهید نمی‌رسید.,بد است زندگی سراسر سختی و عذاب خواهید داشت ترک شود.,بد است سختی و رنج زیادی خواهید برد و در آخر هم به نتیجه دلخواه نمی‌رسید.,-1,Bad
515,انجام بده,خوب است با توکل به‌خدا انجام دهید ان‌شاءالله به اهدافتان خواهید رسید.,خوب است مورد مناسبی خواهد شد با توکل به‌خدا انجام دهید.,سود خوبی نصیبتان خواهد شد با توکل به‌خدا انجام دهید مستمندان را فراموش نکنید,1,Good
517,انجام نده,بد است به حرام می‌افتید و در حرف و حدیث مردم قرار خواهید گرفت ترک شود.,بد است با انجام این کار دچار پشیمانی خواهید شد و زندگی بدی خواهید داشت ترک شود.,مورد مناسبی برای انجام معامله نیست به‌عبارت بهتر آش دهان سوزی نیست ترک شود,-1,Bad
519,انجام نده,بد است آن چه در نظر شما است با آن چه اتفاق خواهد افتاد تفاوت بسیار دارد. ترک شود.,زندگی پر دغدغه و تلخی خواهید داشت انجام ندهید که پشیمان خواهید شد.,دچار ضرر و زیان خواهید شد و اعتبارتان زیر سوال می‌رود انجام ندهید.,-1,Bad
521,هرگز انجام نده,بسیار بد است به چه‌کنم چه‌کنم گرفتار خواهید شد و از کرده‌ی خود به‌شدت پشیمان خواهید گشت.,هیچ وجه مشترکی بین شما وجود ندارد و زندگی بسیار بد و پر تنشی در انتظار شماست ترک شود.,با افراد نادان و زبان نفهمی روبرو ‌می‌شوید و از انجام آن به‌شدت پشیمان خواهید شد ترک کنید.,-2,VeryBad
523,انجام نده,بد است شما را تکذیب می‌کنند و از دست شما هم کاری بر نمی‌آید ترک شود.,بد است درونش شما را می کشد بیرونش مردم را حتما ترک شود.,بد است آن‌گونه ای که شما فکر می‌کنید نیست ترک شود.,-1,Bad
525,انجام نده,بد است مطلبی از شما مخفی مانده است که در صورت اطلاع از آن این کار را انجام نمی‌دهید ترک شود.,بد است بیشتر تحقیق کنید مطلبی از شما مخفی مانده است ترک شود.,بد است چیزی از شما مخفی مانده است و در صورت انجام معامله متضرر خواهید شد ترک شود.,-1,Bad
527,هرگز انجام نده,بسیار بد است درست برعکس آن چیزی که فکر می‌کنید، نتیجه می‌دهد. حتما ترک شود.,بسیار بد است زندگی سراسر نزاع و درگیری خواهید داشت حتما ترک شود که پشیمانی شدید دارد.,ضرر هنگفتی خواهید کرد و اعتبار شما زیر سوال می‌رود حتما ترک شود.,-2,VeryBad
529,هرگز انجام نده,بسیار بد است دیگر بدتر از این نمی‌شود حتما ترک شود.,بسیار بد است چاهی بدون ته است که هر لحظه از خدا طلب مرگ می‌کنید حتما ترک شود.,بسیار بد است ضرر هنگفتی خواهید کرد و اعتبار شما به‌شدت زیر سوال می‌رود حتما ترک شود.,-2,VeryBad
531,انجام نده,بد است اگر چه ظاهرا همه چیز بر وفق مراد است ولی در آخر متوجه می‌شوید که باطنا چیز دیگری بوده است. ترک شود.,بد است اگر چه ظاهرا چنین نیست صبر کنید و صدقه بدهید.,بد است گول ظاهر را نخورید در صورت انجام متضرر خواهید شد.,-1,Bad
533,هرگز انجام نده,بسیار بد است به‌هیچ‌وجه مناسب نیست انجام ندهید که پشیمانی شدید دارد.,به‌هیچ‌وجه مورد مناسبی را انتخاب نکرده‌اید از این انتخاب پشیمان می‌شوید انجام ندهید.,ضرر مالی و اعتباری دارد و اعتبار شما به‌شدت زیر سوال می‌رود انجام ندهید.,-2,VeryBad
535,حتما انجام بده,بسیار خوب است به همه‌ی اهدافی که در نظر دارید می‌رسید و باعث گشایش در کارتان می‌شود.,ان‌شاءالله که مبارک است مورد خوبی را انتخاب کرده‌اید باعث آرامش شما در زندگی است.,منفعت خوبی نصیبتان خواهد شد با توکل به‌خدا اقدام کنید.,2,VeryGood
537,حتما انجام بده,بسیار خوب است به تمامی اهدافتان خواهید رسید با توکل به‌خدا اقدام کنید و در هیچ حال خدا را فراموش نکنید.,مورد مناسبی است ان‌شاءالله باعث گشایش روحی و مالی شما خواهد شد با توکل به‌خدا انجام دهید.,منفعت خوبی در انتظار شما است با توکل به‌خدا انجام دهید و در هیچ کاری خدا را فراموش نکنید.,2,VeryGood
539,حتما انجام بده,بسیار خوب است دیگر از این بهتر نمی‌شود با توکل به‌خدا انجام دهید ان‌شاءالله موفق خواهید شد.,این مورد از هر نظر مناسب است ان‌شاءالله عاقبت بخیر خواهید شد اقدام کنید.,به همه‌ی اهدافتان در این معامله دست پیدا می‌کنید و سود خوبی عایدتان می‌شود با توکل به‌خدا انجام دهید.,2,VeryGood
541,اختیار با توست,میانه است اگر همه‌ی شرایط را بررسی کردید و همه چیز بر وفق مراد بود انجام دهید والا ترک نمایید.,میانه است در صورتی که همه‌ی حرفها زده شود و توافق به‌عمل آید خوب و الا بد است.,با ‌بررسی همه‌ی جوانب و مشورت با افراد خبره اگر اقدام شود خوب والا بد است.,0,Neutral
543,اختیار با توست,میانه است اگر همه‌ی جوانب را سنجیده و مشکلی در میان نیست انجام دهید و الا ترک کنید.,اگر همه‌ی حرفها را اول بزنید و بر سر همه‌ی مسائل با هم به توافق برسید خوب والا بد است.,همه‌ی شرایط را ‌بررسی کنید اگر مشکلی در بین نبود انجام دهید والا ترک کنید.,0,Neutral
545,حتما انجام بده,بسیار خوب است اگر قرار بود انسان همه چیز را با عقل ناقصش می فهمید که... با توکل به‌خدا انجام دهید نتیجه‌ی دلخواه حاصل می‌شود.,ان‌شاءالله مبارک است با توکل به‌خدا انجام دهید و فکر باطل به ذهنتان راه ندهید.,بسیار خوب است منفعت خوبی از این معامله نصیبتان خواهد شد.,2,VeryGood
547,حتما انجام بده,بسیار خوب است با توکل به‌خدا انجام دهید ان‌شاءالله به همه‌ی اهدافتان خواهید رسید.,از هر نظر مناسب است با توکل به‌خدا اقدام کنید و در همه حال خدا را در نظر داشته باشید.,معامله‌ی پر منفعت و سودآوری خواهد بود با توکل به‌خدا انجام دهید مستمندان را فراموش نکنید.,2,VeryGood
549,حتما انجام بده,بسیار خوب است کمی زحمت دارد ولی به زحمتش می‌ارزد با توکل به‌خدا انجام دهید.,بسیار خوب است اما کمی با زحمت است به‌خدا توکل کنید و از مشکلات نهراسید.,معامله‌ی پر منفعتی است به‌خدا توکل کنید و مواظب باشید حرام داخل مالتان نشود.,2,VeryGood
551,انجام بده,خوب است به شرطی که مرتکب حرام نشوید که در این صورت عواقب بدی انتظار شماست.,خوب است همه‌ی مسائل را مطرح کنید و چیزی را از قلم نیاندازید تا بعد دچار مشکل نشوید.,خوب است به شرطی که مرتکب حرام نشوید و همه‌ی جوانب کار را رعایت کنید.,1,Good
553,حتما انجام بده,بسیار خوب است ان‌شاءالله به همه‌ی اهدافی که در نظر دارید خواهید رسید با توکل به‌خدا اقدام کنید.,موردی از هر نظر مناسب است ان‌شاءالله که مبارک است صدقه فراموش نشود.,سود خوبی در انتظار شماست با توکل به‌خدا اقدام کنید صدقه فراموش نشود.,2,VeryGood
555,هرگز انجام نده,بسیار بد است در صورت انجام به‌شدت پشیمان خواهید شد به‌هیچ‌وجه انجام ندهید.,اصلا مورد مناسبی نیست و زندگی سراسر دعوا و درگیری خواهید داشت ترک شود.,ضرر هنگفتی را متحمل ‌می‌شوید و به شدت پشیمان خواهید شد ترک شود.,-2,VeryBad
557,هرگز انجام نده,بسیار بد است به‌هیچ‌وجه انجام ندهید که به‌شدت پشیمان خواهید شد. حتما ترک شود.,هیچ نقطه‌ی مشترکی وجود ندارد و در صورت انجام هر لحظه از خدا طلب مرگ خواهید کرد ترک شود.,ضرر هنگفت مالی و اعتباری خواهد داشت حتما ترک شود والا دچار پشیمانی شدیدی خواهید شد.,-2,VeryBad
559,اختیار با توست,میانه خوب است اگر شرایط مربوط را رعایت کنید خوب والا ترکش بهتر است.,این ازدواج طی یک شرایطی خوب است والا ترکش کنید.,طی‌یک شرایطی خوب والا بد است.,0,Neutral
561,اختیار با توست,میانه خوب است در صورتی كه شرایطی كه وجود دارد رعایت شود خوب است والا تركش به صواب نزدیكتر است.,میانه خوب است شرایطی که وجود دارد رعایت شود زندگی خوبی خواهید داشت والا...,اگر شرایط را رعایت کنید سود خوبی خواهید داشت والا ترکش کنید.,0,Neutral
563,انجام بده,خوب است برای مشورت افرادی را در نظر بگیرید كه توانایی راهنمایی شما را دارند و با هر كسی در این رابطه صحبت نكنید.,خوب است با توکل به‌خدا اقدام کنید و توصیه های بالا را رعایت کنید.,خوب است سود خوبی نصیبتان خواهد شد توصیه‌های بالا را رعایت کنید.,1,Good
565,هرگز انجام نده,بسیار بد است اصلا فكرش را از سر بیرون كنید كه گوش‌مالی خواهید شد.,به‌هیچ‌وجه انجام ندهید که در صورت انجام هر لحظه از خدا طلب مرگ خواهید کرد,ضرر مالی و اعتباری هنگفتی خواهید کرد که دیگر راه جبرانی ندارد حتما ترک شود.,-2,VeryBad
567,هرگز انجام نده,بسیار بد است در صورت انجام به‌شدت پشیمان خواهید شد حتما ترک شود.,مورد مناسبی نیست دچار مشکلات عدیده‌ای خواهید شد.,ضرر مالی و اعتباری دارد حتما ترک شود.,-2,VeryBad
569,هرگز انجام نده,بسیار بد است به چه‌كنم چه‌كنم گرفتار می‌شوید حتما ترك شود,به‌هیچ‌وجه مورد مناسبی نیست به چه‌کنم چه‌کنم گرفتار می‌شوید و راه چاره‌ای هم ندارید ترک شود.,به چه‌کنم چه‌کنم گرفتار می‌شوید حتما ترک شود.,-2,VeryBad
571,انجام بده,خوب است ان‌شاءالله به اهدافتان خواهید رسید. با توكل به‌خدا اقدام كنید.,مورد مناسبی است ان‌شاءالله مبارک است از هر نظر باعث آرامش است.,سود خوبی خواهید برد. با توکل به‌خدااقدام کنید صدقه فراموش نشود.,1,Good
573,انجام نده,بد است در صورت انجام دچار پشیمانی خواهید شد ترك شود.,بد است گول ظاهر افراد را نخورید که ظاهر افراد با باطنشان تفاوت بسیاری دارد ترک شود.,دچار افراد دو رویی خواهید شد و در صورت انجام ضرر هنگفتی را متحمل می‌شوید ترک شود.,-1,Bad
575,حتما انجام بده,بسیار خوب است از مشكلات نهراسید این كار ارزش زحمت را دارد با توكل به‌خدا انجام دهید.,مورد خوب و مناسبی است از مشکلات هم نترسید ارزشش را دارد ابتدای زندگی هم اختلافاتی دیده می شود ولی همه حل می‌شود با توکل به‌خدا اقدام کنید.,سود خوبی خواهید کرد و بعد از آن است که دیگر مشکلات و زحمتهایی که کشیده‌اید بنظرتان ناچیز می‌آید با توکل به‌خدا اقدام کنید.,2,VeryGood
577,هرگز انجام نده,بسیار بد است این كار مثل تكیه زدن بر باد است به‌هیچ‌وجه انجام ندهید.,به‌هیچ‌وجه در شأن شما نیستند تکیه بر باد نزنید پشیمانی شدید دارد حتما ترک شود.,ضرر مالی و اعتباری شدید دارد طرفهای شما آنهایی نیستند که روی حرفهایشان بمانند حتما ترک شود.,-2,VeryBad
579,حتما انجام بده,بسیار خوب است با توكل به‌خدا به همه‌ی اهدافتان خواهید رسید و تمامی مشكلاتتان حل خواهد شد.,مورد از هر نظر مناسبی است با توکل به‌خدا انجام دهید باعث آرامش روحی و پیشرفت مالی شما خواهید بود صدقه فراموش نشود.,سود خوبی نصیبتان خواهد شد با توکل به‌خدا اقدام کنید و صدقه فراموش نشود.,2,VeryGood
581,انجام نده,بد است دچار مشكلات عدیده‌ای خواهید شد و در آخر هم به اهدافتان نخواهید رسید.,مورد مناسبی نیست به‌هیچ‌وجه در شأن شما نیستند ترک شود.,بد است بعد از زحمتهای زیاد در آخر هم نتیجه‌ی عکس از کارتان خواهید گرفت.,-1,Bad
583,حتما انجام بده,بسیار خوب است باعث آرامش و آسایش شما خواهد شد با توكل به‌خدا اقدام كنید.,مورد بسیار مناسبی است و باعث آرامش روحی و پیشرفت مالی شما خواهد شد ان‌شاءالله که مبارک است.,سود خوبی نصیبتان خواهد شد با توکل به‌خدا اقدام کنید و صدقه فراموش نشود.,2,VeryGood
585,انجام بده,خوب است البته مشكلات و سختیهایی دیده می‌شود اما با صبر و حوصله حل می‌شود و نتیجه‌ی دلخواه حاصل می‌شود.,مورد مناسبی است به‌شرط آنکه در مشکلات و گرفتاریهای زندگی صبر و حوصله داشته باشید و از عصبانیت و درگیری پرهیز کنید.,مشکلاتی دیده می‌شود زحمت زیادی همه باید بکشید ولی سود خوبی هم نصیبتان می‌شود که جبران این زحمات را می‌کند.,1,Good
587,انجام بده,خوب است مشكلاتی وجود دارد ولی با صبر و حوصله، قابل حل است و نتیجه مطلوب حاصل می شود.,سختیها و مشکلات نمک زندگی است و با این مسائل است که انسان ارزش زندگیش را می‌فهمد با توکل به‌خدا اقدام کنید.,از مشکلات نباید ترسید خصوصا وقتی نتیجه‌ی خوبی حاصل رنجها و سختیها باشد.,1,Good
589,هرگز انجام نده,بسیار بد است دچار مشكلات و سختیهایی خواهید شد و در آخر هم به هیچ كدام از اهدافتان نخواهید رسید.,بسیار بد است به‌هیچ‌وجه مورد مناسبی نیست به چه‌کنم چه‌کنم گرفتار خواهید شد حتما ترک شود.,ضرر هنگفتی خواهید کرد و اعتبارتان نیز زیر سوال می‌رود حتما ترک شود.,-2,VeryBad
591,اختیار با توست,میانه خوب است با در نظر گرفتن شرایط و بررسی كامل جوانب خوب والا بد است.,با رعایت جوانب و تمام کردن همه‌ی صحبتها خوب و الا بد است.,اگر شرایط را رعایت کنید و جوانب کار را در نظر بگیرید خوب است والا بد است.,0,Neutral
593,حتما انجام بده,بسیار خوب است ان‌شاءالله به همه‌ی اهدافتان خواهید رسید با توكل به‌خدا انجام دهید.,مورد از هر نظر مناسبی است و باعث آرامش روحی و پیشرفت مالی شما خواهد شد با توکل به‌خدا انجام دهید.,سود خوبی نصیبتان خواهد شد و در افزایش اعتبارتان موثر خواهد بود با توکل به‌خدا اقدام کنید.,2,VeryGood
595,انجام بده,خوب است ولی قدری زحمت دارد با توكل به‌خدا انجام دهید و با افراد خبره مشورت كنید.,خوب است دچار زحمت می‌شوید و مشکلاتی دیده می‌شود ولی عاقبت بخیر خواهید شد ان شاءالله.,خوب است مشکلاتی دیده می‌شود ولی نتیجه مطلوب و دلخواه بدست خواهد آمد به‌خدا توکل کنید و انجام دهید.,1,Good
597,انجام بده,خوب است ان‌شاءالله به اهدافتان خواهید رسید با توكل به‌خدا اقدام كنید و از مشكلات نهراسید.,ان‌شاءالله که مبارک است با توکل به‌خدا اقدام کنید و از مشکلات نهراسید.,ان‌شاءالله سود خوبی خواهید کرد به‌خدا توکل کنید و از مشکلات نهراسید.,1,Good
599,حتما انجام بده,بسیار خوب است با توكل به‌خدا انجام دهید ان‌شاءالله به تمامی اهدافتان خواهید رسید.,از هر جهت مورد مناسبی است با توکل به‌خدا انجام دهید باعث آسایش روحی و گشایش مالی شما خواهد شد.,سود خوبی نصیبتان خواهد شد و باعث افزایش اعتبارتان خواهد شد.,2,VeryGood
601,حتما انجام بده,بسیار خوب است با توکل به‌خدا اقدام کنید ان‌شاءالله به همه‌ی اهدافتان می‌رسید مراقب باشید که مرتکب حرام نشوید.,مورد مناسبی است و باعث آرامش و رفع گرفتاری‌ها از شما می‌شود با توکل به‌خدا انجام دهید.,سود خوبی نصیبتان می‌شود در هر کاری خدا را فراموش نکنید.,2,VeryGood
603,اختیار با توست,میانه است در صورتی که همه‌ی جوانب را رعایت کنید خوب است والا بد است.,در صورتی که همه‌ی جوانب را رعایت کنید و با تحقیق بیشتر همه چیز بر وفق مراد بود انجام دهید والا ترک شود.,تحقیق بیشتر کنید اگر مشکلی نبود اقدام کنید والا ترک کنید.,0,Neutral
